twnID,twn_eng,twn_rus,cardID,seq,twn_type,gazID,loc_src,type_gare,twn_geon,geon_url,geon_crdn,geon_lat,geon_long
1,Petrozavodsk,Петрозаводск,1,1.00,provincial town,4940,GARE,provincial town,Petrozavodsk,https://www.geonames.org/509820/petrozavodsk.html,"61.78491, 34.34691",61.78491,34.34691
2,Olonets,Олонец,1,2.00,district town,5004,GARE,district town,Olonets,https://www.geonames.org/515403/olonets.html,"60.98475, 32.96976",60.98475,32.96976
3,Ladejnoe Pole,Ладейное Поле,1,3.00,district town,4977,GARE,district town,Lodeynoye Pole,https://www.geonames.org/534560/lodeynoye-pole.html,"60.726, 33.55306",60.72600,33.55306
4,Vytegra,Вытегра,1,4.00,district town,4909,GARE,district town,Vytegra,https://www.geonames.org/469960/vytegra.html,"61.00636, 36.44811",61.00636,36.44811
5,Kargopol,Каргополь,1,5.00,district town,4855,GARE,district town,Kargopol,https://www.geonames.org/552465/kargopol.html,"61.50359, 38.9486",61.50359,38.94860
6,Pudozh,Пудож,1,6.00,district town,4889,GARE,district town,Pudozh,https://www.geonames.org/504269/pudozh.html,"61.80415, 36.5277",61.80415,36.52770
7,Povenets,Повенец,1,7.00,district town,5017,GARE,district town,Povenets,https://www.geonames.org/505820/povenets.html,"62.8487, 34.82621",62.84870,34.82621
8,Novgorod,Новгород,2,1.00,provincial town,6391,GARE,provincial town,Novgorod,https://www.geonames.org/519336/velikiy-novgorod.html,"58.52131, 31.27104",58.52131,31.27104
9,Staraia Russa,Старая Русса,2,2.00,district town,6354,GARE,district town,Staraia Russa,https://www.geonames.org/489088/staraya-russa.html,"57.99439, 31.36081",57.99439,31.36081
10,Kresttsy,Крестцы,2,3.00,district town,6429,GARE,district town,Kresttsy,https://www.geonames.org/541116/kresttsy.html,"58.2452, 32.51647",58.24520,32.51647
11,Borovichi,Боровичи,2,4.00,district town,6458,GARE,district town,Borovichi,https://www.geonames.org/572154/borovichi.html,"58.38778, 33.91546",58.38778,33.91546
12,Cherepovets,Череповец,2,5.00,district town,6559,GARE,district town,Cherepovets,https://www.geonames.org/569223/cherepovets.html,"59.13333, 37.9",59.13333,37.90000
13,Valdaj,Валдай,2,6.00,district town,6381,GARE,district town,Valdai,https://www.geonames.org/477301/valday.html,"57.97826, 33.24737",57.97826,33.24737
14,Kirilov,Кирилов,2,7.00,district town,6581,GARE,district town,Kirillov,https://www.geonames.org/548478/kirillov.html,"59.86299, 38.38128",59.86299,38.38128
15,Tikhvin,Тихвин,2,8.00,district town,6496,GARE,district town,Tikhvin,https://www.geonames.org/483019/tikhvin.html,"59.64511, 33.52937",59.64511,33.52937
16,Ustiuzhna,Устюжна,2,9.00,district town,6534,GARE,district town,Ustiuzhna,https://www.geonames.org/477795/ustyuzhna.html,"58.8394, 36.4321",58.83940,36.43210
17,Belozersk,Белозерск,2,10.00,district town,6546,GARE,district town,Belozersk,https://www.geonames.org/577711/belozersk.html,"60.0288, 37.8084",60.02880,37.80840
18,Demyansk,Демянск,2,11.00,district town,6360,GARE,district town,Demiansk,https://www.geonames.org/566629/demyansk.html,"57.64301, 32.466",57.64301,32.46600
19,Pskov,Псков,3,1.00,provincial town,9986,GARE,provincial town,Pskov,https://www.geonames.org/504341/pskov.html,"57.8136, 28.3496",57.81360,28.34960
20,Ostrov,Остров,3,2.00,district town,10015,GARE,district town,Ostrov,https://www.geonames.org/514171/ostrov.html,"57.34395, 28.35368",57.34395,28.35368
21,Opochka,Опочка,3,3.00,district town,10121,GARE,district town,Opochka,https://www.geonames.org/515155/opochka.html,"56.71357, 28.66388",56.71357,28.66388
22,Novorzhev,Новоржев,3,4.00,district town,10129,GARE,district town,Novorzhev,https://www.geonames.org/518236/novorzhev.html,"57.02942, 29.33378",57.02942,29.33378
23,Porkhov,Порхов,3,5.00,district town,10028,GARE,district town,Porkhov,https://www.geonames.org/506278/porkhov.html,"57.76502, 29.55612",57.76502,29.55612
24,Kholm,Холм,3,6.00,district town,10158,GARE,district town,Kholm,https://www.geonames.org/549797/kholm.html,"57.14543, 31.1778",57.14543,31.17780
25,Toropets,Торопец,3,7.00,district town,10093,GARE,district town,Toropets,https://www.geonames.org/482042/toropets.html,"56.49779, 31.63528",56.49779,31.63528
26,Velikie Luki,Великие Луки,3,8.00,district town,10055,GARE,district town,Velikie Luki,https://www.geonames.org/476077/velikiye-luki.html,"56.34, 30.54517",56.34000,30.54517
27,Saint Petersburg,Санкт Петербург,4,1.00,provincial town,9780,GARE,provincial capital,Saint Petersburg,https://www.geonames.org/498817/saint-petersburg.html,"59.93863, 30.31413",59.93863,30.31413
28,Shlisselburg,Шлиссельбург,4,2.00,district town,13352,GARE,district town,Shlisselburg,https://www.geonames.org/493970/shlissel-burg.html,"59.9473, 31.03845",59.94730,31.03845
29,Novaya Ladoga,Нов. Ладога,4,3.00,district town,9832,GARE,district town,Novaya Ladoga,https://www.geonames.org/519630/novaya-ladoga.html,"60.10246, 32.30191",60.10246,32.30191
30,Tsarskoe Selo,Царское Село,4,4.00,district town,9802,GARE,district town,Tsarskoe Selo,https://www.geonames.org/504003/pushkin.html,"59.71417, 30.39642",59.71417,30.39642
31,Luga,Луга,4,5.00,district town,9691,GARE,district town,Luga,https://www.geonames.org/533690/luga.html,"58.73722, 29.84528",58.73722,29.84528
32,Oranienbaum,Ораниенбаум,4,6.00,district town,9758,GARE,district town,Oranienbaum,https://www.geonames.org/515113/stantsiya-oraniyenbaum.html,"59.91765, 29.7708",59.91765,29.77080
33,Yamburg,Ямбург,4,7.00,district town,9741,GARE,district town,Kingisepp,https://www.geonames.org/548602/kingisepp.html,"59.37331, 28.61343",59.37331,28.61343
34,Gdov,Гдов,4,8.00,district town,9658,GARE,district town,Gdov,https://www.geonames.org/561679/gdov.html,"58.74424, 27.81977",58.74424,27.81977
35,Revel,Ревель,5,1.00,provincial town,9882,GARE,provincial town,Tallinn,https://www.geonames.org/588409/tallinn.html,"59.43696, 24.75353",59.43696,24.75353
36,Vezenberg,Везенберг,5,2.00,district town,9958,GARE,district town,Rakvere,https://www.geonames.org/589165/rakvere.html,"59.34639, 26.35583",59.34639,26.35583
37,Gapsal,Гапсаль,5,3.00,district town,9863,GARE,district town,Haapsalu,https://www.geonames.org/592225/haapsalu.html,"58.94306, 23.54139",58.94306,23.54139
38,Veisenshtein,Вейсенштеин,5,4.00,district town,9924,GARE,district town,Paide,https://www.geonames.org/589709/paide.html,"58.88556, 25.55722",58.88556,25.55722
39,Riga,Рига,6,1.00,provincial town,6697,GARE,provincial town,Riga,https://www.geonames.org/456172/riga.html,"56.946, 24.10589",56.94600,24.10589
40,Arensburg,Аренсбург,6,2.00,district town,13027,GARE,district town,Kuressaare,https://www.geonames.org/590939/kuressaare.html,"58.24806, 22.50389",58.24806,22.50389
41,Derpt,Дерпт,6,3.00,district town,6690,GARE,district town,Tartu,https://www.geonames.org/588335/tartu.html,"58.38062, 26.72509",58.38062,26.72509
42,Pernau,Пернау,6,4.00,district town,6632,GARE,district town,Pärnu,https://www.geonames.org/589580/paernu.html,"58.38588, 24.49711",58.38588,24.49711
43,Venden,Венден,6,5.00,district town,6754,GARE,registered town,Cēsis ,https://www.geonames.org/460570/cesis.html,"57.31188, 25.27456",57.31188,25.27456
44,Mitava,Митава,7,1.00,provincial town,6859,GARE,provincial town,Jelgava,https://www.geonames.org/459279/jelgava.html,"56.65, 23.71278",56.65000,23.71278
45,Tukum,Тукум,7,2.00,district town,6856,GARE,district town,Tukums,https://www.geonames.org/454768/tukums.html,"56.96764, 23.15554",56.96764,23.15554
46,Goldingen,Голдинген,7,3.00,district town,6843,GARE,district town,Kuldiga,https://www.geonames.org/458460/kuldiga.html,"56.97399, 21.95721",56.97399,21.95721
47,Gazenpot,Газенпот,7,4.00,district town,6830,GARE,district town,Aizpute,https://www.geonames.org/461602/aizpute.html,"56.72108, 21.60156",56.72108,21.60156
48,Yakobshtat,Якобштат,7,5.00,district town,6910,GARE,registered town,Jēkabpils,https://www.geonames.org/459283/jekabpils.html,"56.49903, 25.85735",56.49903,25.85735
49,Libava,Либава,7,6.00,district town,6892,GARE,registered town,Liepaja,https://www.geonames.org/457954/liepaja.html,"56.50474, 21.01085",56.50474,21.01085
50,Vindava,Виндава,7,8.00,district town,6807,GARE,registered town,Ventspils,https://www.geonames.org/454310/ventspils.html,"57.39485, 21.56121",57.39485,21.56121
51,Vyborg,Выборг,9,1.00,provincial town,13319,GARE,provincial town,Vyborg,https://www.geonames.org/470546/vyborg.html,"60.70763, 28.75283",60.70763,28.75283
52,Fridrikhstam,Фридрихстам,9,2.00,district town,13320,GARE,district town,Hamina,https://www.geonames.org/659169/hamina.html,"60.56974, 27.19794",60.56974,27.19794
53,Vilmanstrand,Вильманстранд,9,3.00,district town,1276,GARE,district town,Lappeenranta,https://www.geonames.org/648900/lappeenranta.html,"61.05871, 28.18871",61.05871,28.18871
54,Keksgolm,Кексгольм,9,4.00,district town,1233,GARE,district town,Priozërsk,https://www.geonames.org/505230/priozersk.html,"61.03928, 30.12907",61.03928,30.12907
55,Serdobol,Сердоболь,9,5.00,district town,1506,GARE,district town,Serdobol',https://www.geonames.org/496935/serdobol.html,"61.69459, 30.67434",61.69459,30.67434
56,Gelsingfors,Гельсингфорс,10,1.00,provincial town,1860,GARE,provincial town,Helsinki,https://www.geonames.org/658225/helsinki.html,"60.16952, 24.93545",60.16952,24.93545
57,Ekenes,Екенес,10,2.00,district town,1911,GARE,district town,Ekenäs ,https://www.geonames.org/660325/ekenaes.html,"59.97359, 23.43389",59.97359,23.43389
58,Borgo,Борго,10,3.00,district town,1877,GARE,district town,Porvoo,https://www.geonames.org/660561/porvoo.html,"60.39233, 25.66507",60.39233,25.66507
59,Loviza,Ловиза,10,4.00,district town,1873,GARE,district town,Lovisa,https://www.geonames.org/647571/lovisa.html,"60.45659, 26.22505",60.45659,26.22505
60,Abo,Або,11,1.00,provincial town,1807,GARE,provincial town,Turku,https://www.geonames.org/633679/turku.html,"60.45148, 22.26869",60.45148,22.26869
61,Niustad,Нистад,11,2.00,district town,2189,GARE,district town,Uusikaupunki,https://www.geonames.org/633221/uusikaupunki.html,"60.80043, 21.40841",60.80043,21.40841
62,Berneborg,Бернеборг,11,3.00,district town,2135,GARE,district town,Pori,https://www.geonames.org/640999/pori.html,"61.48333, 21.78333",61.48333,21.78333
63,Raumo,Раумо,11,4.00,district town,2142,GARE,district town,Rauma,https://www.geonames.org/639734/rauma.html,"61.12724, 21.51127",61.12724,21.51127
64,Tamersfors,Тамерфорс,11,5.00,district town,1448,GARE,district town,Tampere,https://www.geonames.org/634963/tampere.html,"61.49911, 23.78712",61.49911,23.78712
65,Nodendal,Нодендаль,11,6.00,district town,1801,GARE,district town,Naantali,https://www.geonames.org/645211/naantali.html,"60.46744, 22.02428",60.46744,22.02428
66,Vasa,Васа,12,1.00,provincial town,13328,GARE,mid-size town,Vaasa,https://www.geonames.org/632978/vaasa.html,"63.096, 21.61577",63.09600,21.61577
67,Kask Ei Kristinestad,Каск Еи Кристинестад,12,2.00,district town,2104,GARE,mid-size town,Kristinestad,https://www.geonames.org/650769/kristinestad.html,"62.27429, 21.37596",62.27429,21.37596
68,Niu Karlebi,Ню Карлеби,12,3.00,district town,1763,GARE,mid-size town,Nykarleby,https://www.geonames.org/644100/nykarleby.html,"63.52277, 22.53073",63.52277,22.53073
69,Gamle-Karlebi,Гамле-Карлеби,12,4.00,district town,1752,GARE,mid-size town,Kokkola,https://www.geonames.org/651943/kokkola.html,"63.83847, 23.13066",63.83847,23.13066
70,Yakobshtad,Якобштад,12,5.00,district town,1760,GARE,mid-size town,Jakobstad,https://www.geonames.org/656130/jakobstad.html,"63.67486, 22.70256",63.67486,22.70256
71,Yuveskyule,Ювескюле,12,6.00,district town,16100,GeoCards,not represented,Jyväskylä,https://www.geonames.org/655194/jyvaeskylae.html,"62.24147, 25.72088",62.24147,25.72088
72,Uleaborg,Улеаборг,13,1.00,provincial town,1660,GARE,provincial capital,Oulu,https://www.geonames.org/643492/oulu.html,"65.01236, 25.46816",65.01236,25.46816
73,Brakheshtad,Брахештад,13,2.00,district town,1680,GARE,district town,Raahe,https://www.geonames.org/640276/raahe.html,"64.68333, 24.48333",64.68333,24.48333
74,Kaiana,Каяна,13,3.00,district town,1572,GARE,district town,Kajaani,https://www.geonames.org/654899/kajaani.html,"64.22728, 27.72846",64.22728,27.72846
75,Torneo,Торнео,13,4.00,district town,13324,GARE,district town,Tornio,https://www.geonames.org/634093/tornio.html,"65.84811, 24.14662",65.84811,24.14662
76,Kuopio,Куопио,14,1.00,provincial town,1408,GARE,provincial town,Kuopio,https://www.geonames.org/650224/kuopio.html,"62.89238, 27.67703",62.89238,27.67703
77,Sankt Mikhel,Санкт Михель,15,1.00,provincial town,1298,GARE,provincial capital,Mikkeli,https://www.geonames.org/646005/mikkeli.html,"61.68857, 27.27227",61.68857,27.27227
78,Kheinola,Хейнола,15,2.00,district town,1307,GARE,district town,Heinola,https://www.geonames.org/658288/heinola.html,"61.20564, 26.03811",61.20564,26.03811
79,Neishlot,Нейшлот,15,3.00,district town,1351,GARE,district town,Savonlinna,https://www.geonames.org/637292/savonlinna.html,"61.8699, 28.87999",61.86990,28.87999
80,Tavastgus,Тавастгус,16,1.00,provincial town,1482,GARE,provincial town,Hämeenlinna,https://www.geonames.org/659180/haemeenlinna.html,"60.99596, 24.46434",60.99596,24.46434
81,Vitebsk,Витебск,17,1.00,provincial town,10402,GARE,provincial town,Vitebsk,https://www.geonames.org/620127/vitebsk.html,"55.1904, 30.2049",55.19040,30.20490
82,Drissa,Дрисса,17,2.00,district town,10259,GARE,district town,Verkhnyadzvinsk,https://www.geonames.org/620255/vyerkhnyadzvinsk.html,"55.7777, 27.9389",55.77770,27.93890
83,Polotsk,Полоцк,17,3.00,district town,10381,GARE,district town,Polatsk,https://www.geonames.org/623317/polatsk.html,"55.4879, 28.7856",55.48790,28.78560
84,Rezhitsa,Режица,17,4.00,district town,10326,GARE,district town,Rēzekne,https://www.geonames.org/456202/rezekne.html,"56.51028, 27.34",56.51028,27.34000
85,Liutsyn,Люцын,17,5.00,district town,10279,GARE,district town,Ludza,https://www.geonames.org/457776/ludza.html,"56.53958, 27.71891",56.53958,27.71891
86,Sebezh,Себеж,17,6.00,district town,10352,GARE,district town,Sebezh,https://www.geonames.org/498001/sebezh.html,"56.28511, 28.48187",56.28511,28.48187
87,Nevel,Невель,17,7.00,district town,10355,GARE,district town,Nevel',https://www.geonames.org/522410/nevel.html,"56.02094, 29.92844",56.02094,29.92844
88,Gorodok,Городок,17,8.00,district town,10388,GARE,district town,Haradok,https://www.geonames.org/628155/haradok.html,"55.4624, 29.9845",55.46240,29.98450
89,Lepel,Лепель,17,9.00,district town,10253,GARE,district town,Lyepyel',https://www.geonames.org/625743/lyepyel.html,"54.8814, 28.699",54.88140,28.69900
90,Surazh,Сураж,17,10.00,district town,10414,GARE,district town,Surazh,https://www.geonames.org/621128/surazh.html,"55.4092, 30.7246",55.40920,30.72460
91,Dinaburg,Динабург,17,11.00,district town,10307,GARE,district town,Daugavpils,https://www.geonames.org/460413/daugavpils.html,"55.88333, 26.53333",55.88333,26.53333
92,Velizh,Велиж,17,12.00,district town,10427,GARE,district town,Velizh,https://www.geonames.org/475955/velizh.html,"55.60564, 31.19673",55.60564,31.19673
93,Kovno,Ковно,18,1.00,provincial town,10632,GARE,district town,Kaunas,https://www.geonames.org/598316/kaunas.html,"54.90272, 23.90961",54.90272,23.90961
94,Vil'komir,Вилькомир,18,2.00,district town,10587,GARE,district town,Ukmerge,https://www.geonames.org/593733/ukmerge.html,"55.25, 24.75",55.25000,24.75000
95,Ponevezh,Поневеж,18,3.00,district town,10572,GARE,district town,Panevėžys,https://www.geonames.org/596128/panevezys.html,"55.73333, 24.35",55.73333,24.35000
96,Novoaleksandrovsk,Новоалександровск,18,4.00,district town,10612,GARE,minor town,Zarasai,https://www.geonames.org/592891/zarasai.html,"55.73225, 26.25115",55.73225,26.25115
97,Rossieny,Россиены,18,5.00,district town,10644,GARE,minor town,Raseiniai,https://www.geonames.org/595378/raseiniai.html,"55.37973, 23.12386",55.37973,23.12386
98,Shavle,Шавле,18,6.00,district town,10538,GARE,registered town,Siauliai,https://www.geonames.org/594739/siauliai.html,"55.93333, 23.31667",55.93333,23.31667
99,Telshe,Тельше,18,7.00,district town,10513,GARE,registered town,Telsiai,https://www.geonames.org/593926/telsiai.html,"55.98139, 22.24722",55.98139,22.24722
100,Vilna,Вильно,19,1.00,provincial town,10441,GARE,provincial capital,Vilnius,https://www.geonames.org/593116/vilnius.html,"54.68916, 25.2798",54.68916,25.27980
101,Vileika,Вилейка,19,2.00,district town,7094,GARE,district town,Vilyeyka,https://www.geonames.org/620181/vilyeyka.html,"54.4914, 26.9111",54.49140,26.91110
102,Oshmany,Ошманы,19,3.00,district town,10504,GARE,minor town,Ashmyany,https://www.geonames.org/630515/ashmyany.html,"54.421, 25.936",54.42100,25.93600
103,Troki,Троки,19,4.00,district town,10482,GARE,minor town,Trakai,https://www.geonames.org/593871/trakai.html,"54.63783, 24.93433",54.63783,24.93433
104,Lida,Лида,19,5.00,district town,2997,GARE,district town,Lida,https://www.geonames.org/626081/lida.html,"53.88333, 25.29972",53.88333,25.29972
105,Sventsyany,Свенцяны,19,6.00,district town,10500,GARE,district town,Švenčionėliai ,https://www.geonames.org/594067/svencioneliai.html,"55.16163, 26.00177",55.16163,26.00177
106,Disna,Дисна,19,7.00,district town,7076,GARE,district town,Dzisna,https://www.geonames.org/629055/dzisna.html,"55.5676, 28.2076",55.56760,28.20760
107,Grodno,Гродно,20,1.00,provincial town,2965,GARE,provincial town,Hrodna,https://www.geonames.org/627904/hrodna.html,"53.6884, 23.8258",53.68840,23.82580
108,Slonim,Слоним,20,2.00,district town,3100,GARE,district town,Slonim,https://www.geonames.org/621754/slonim.html,"53.0869, 25.3163",53.08690,25.31630
109,Volkovisk,Волковиск,20,3.00,district town,3159,GARE,district town,Volkovysk,https://www.geonames.org/620391/volkovysk.html,"53.1561, 24.4513",53.15610,24.45130
110,Sokolka,Соколка,20,4.00,district town,2959,GARE,district town,Sokółka,https://www.geonames.org/758651/sokolka.html,"53.40715, 23.50228",53.40715,23.50228
111,Belostok,Белосток,20,5.00,district town,3171,GARE,provincial town,Białystok,https://www.geonames.org/776069/bialystok.html,"53.13333, 23.16433",53.13333,23.16433
112,Belsk,Бельск,20,6.00,district town,3147,GARE,district town,Bielsk Podlaski,https://www.geonames.org/775986/bielsk-podlaski.html,"52.76512, 23.18647",52.76512,23.18647
113,Pruzhany,Пружаны,20,7.00,district town,3088,GARE,district town,Pruzhany,https://www.geonames.org/622997/pruzhany.html,"52.556, 24.4573",52.55600,24.45730
114,Kobrin,Кобрин,20,8.00,district town,3061,GARE,district town,Kobryn,https://www.geonames.org/627145/kobryn.html,"52.2138, 24.3564",52.21380,24.35640
115,Brest-Litovsk,Брест-Литовский,20,9.00,district town,3041,GARE,district town,Brest,https://www.geonames.org/629634/brest.html,"52.09755, 23.68775",52.09755,23.68775
116,Avgustov,Августов,22,2.00,district town,10905,GARE,minor town,Augustów,http://www.geonames.org/776597/augustow.html,"53.84321, 22.97979",53.84321,22.97979
117,Kalvariia,Кальвария,22,3.00,district town,10916,GARE,mid-size town,Kalvariya,https://www.geonames.org/598512/kalvarija.html,"54.417, 23.223",54.41700,23.22300
118,Lomzha,Ломжа,22,4.00,district town,10898,GARE,district town,Łomża,https://www.geonames.org/766027/lomza.html,"53.17806, 22.05935",53.17806,22.05935
119,Mariampol,Мариамполь,22,5.00,district town,10919,GARE,mid-size town,Marijampolė,https://www.geonames.org/597231/marijampole.html,"54.55991, 23.35412",54.55991,23.35412
120,Seiny,Сейны,22,6.00,district town,10912,GARE,mid-size town,Sejny,https://www.geonames.org/759503/sejny.html,"54.10802, 23.34698",54.10802,23.34698
121,Plotsk,Плоцк,23,1.00,provincial town,10875,GARE,provincial capital,Płock,https://www.geonames.org/3088825/plock.html,"52.54682, 19.70638",52.54682,19.70638
122,Pultusk,Пултуск,23,2.00,district town,10872,GARE,mid-size town,Pułtusk,https://www.geonames.org/760917/pultusk.html,"52.7025, 21.08276",52.70250,21.08276
123,Ostrolenka,Остроленка,23,3.00,district town,10893,GARE,mid-size town,Ostrołęka,https://www.geonames.org/762909/ostroleka.html,"53.08621, 21.57566",53.08621,21.57566
124,Prasnysh,Прасныш,23,4.00,district town,10887,GARE,mid-size town,Przasnysz,https://www.geonames.org/761218/przasnysz.html,"53.01907, 20.88029",53.01907,20.88029
125,Mlava,Млава,23,5.00,district town,10884,GARE,mid-size town,Mława,https://www.geonames.org/764634/mlawa.html,"53.11278, 20.3841",53.11278,20.38410
126,Lipno,Липно,23,6.00,district town,10880,GARE,mid-size town,Lipno,https://www.geonames.org/3093268/lipno.html,"52.84436, 19.17852",52.84436,19.17852
127,Opochno,Опочно,23,8.00,district town,10730,GARE,mid-size town,Opoczno,https://www.geonames.org/763111/opoczno.html,"51.37569, 20.27827",51.37569,20.27827
128,Varshava,Варшава,24,1.00,provincial town,7394,GARE,provincial town,Warsaw,https://www.geonames.org/756135/warsaw.html,"52.22977, 21.01178",52.22977,21.01178
129,Minsk,Минск,24,2.00,district town,7402,GARE,minor town,Mińsk Mazowiecki,https://www.geonames.org/764679/minsk-mazowiecki.html,"52.17935, 21.57251",52.17935,21.57251
130,Rava,Рава,24,3.00,district town,10818,GARE,mid-size town,Rawa Mazowiecka,https://www.geonames.org/760584/rawa-mazowiecka.html,"51.76437, 20.25493",51.76437,20.25493
131,Lovich,Ловичь,24,4.00,district town,10827,GARE,mid-size town,Łowicz,https://www.geonames.org/3093066/lowicz.html,"52.10714, 19.94525",52.10714,19.94525
132,Kutno,Кутно,24,5.00,district town,10824,GARE,minor town,Kutno,https://www.geonames.org/3094170/kutno.html,"52.23064, 19.36409",52.23064,19.36409
133,Lenchitsa,Ленчица,24,6.00,district town,10829,GARE,mid-size town,Łęczyca,https://www.geonames.org/3093726/leczyca.html,"52.05959, 19.19972",52.05959,19.19972
134,Vlotslavek,Влоцлевек,24,7.00,district town,10842,GARE,minor town,Włocławek,https://www.geonames.org/3081741/wloclawek.html,"52.64817, 19.0678",52.64817,19.06780
135,Konin,Конин,24,8.00,district town,10806,GARE,minor town,Konin,https://www.geonames.org/3095321/konin.html,"52.22338, 18.25121",52.22338,18.25121
136,Kalish,Калиш,24,9.00,district town,10796,GARE,district town,Kalisz,https://www.geonames.org/3096880/kalisz.html,"51.76109, 18.09102",51.76109,18.09102
137,Seradz,Серадзь,24,10.00,district town,10792,GARE,mid-size town,Sieradz,https://www.geonames.org/3085978/sieradz.html,"51.59584, 18.73023",51.59584,18.73023
138,Velyun,Велюн,24,11.00,district town,10784,GARE,minor town,Wieluń,https://www.geonames.org/3082197/wielun.html,"51.22097, 18.56964",51.22097,18.56964
139,Piotrkov,Пиотрков,24,12.00,district town,10778,GARE,minor town,Piotrków Trybunalski,https://www.geonames.org/3088972/piotrkow-trybunalski.html,"51.40547, 19.70321",51.40547,19.70321
140,Radom,Радом,25,1.00,provincial town,10735,GARE,mid-size town,Radom,https://www.geonames.org/760778/radom.html,"51.40253, 21.14714",51.40253,21.14714
141,Kel'tse,Кельце,25,2.00,district town,10696,GARE,district town,Kielce,https://www.geonames.org/769250/kielce.html,"50.87033, 20.62752",50.87033,20.62752
142,Opatov,Опатов,25,3.00,district town,10745,GARE,mid-size town,Opatów,https://www.geonames.org/763121/opatow.html,"50.80058, 21.42538",50.80058,21.42538
143,Sandomerzh,Сандомерж,25,4.00,district town,10747,GARE,district town,Sandomierz,https://www.geonames.org/759603/sandomierz.html,"50.68265, 21.74898",50.68265,21.74898
144,Stobnitsa,Стобница,25,5.00,district town,10716,GARE,mid-size town,Stopnica,https://www.geonames.org/758116/stopnica.html,"50.44018, 20.9378",50.44018,20.93780
145,Liublin,Лублин,26,1.00,provincial town,10752,GARE,provincial town,Lublin,https://www.geonames.org/765876/lublin.html,"51.25, 22.56667",51.25000,22.56667
146,Yanov,Янов,26,4.00,district town,10760,GARE,minor town,Janów Lubelski,https://www.geonames.org/770425/janow-lubelski.html,"50.70695, 22.41039",50.70695,22.41039
147,Radzin,Радзин,26,5.00,district town,10857,GARE,minor town,Radzyń Podlaski,https://www.geonames.org/760680/radzyn-podlaski.html,"51.78333, 22.61667",51.78333,22.61667
148,Lukov,Луков,26,6.00,district town,10859,GARE,minor town,Łuków,https://www.geonames.org/765749/lukow.html,"51.929, 22.37956",51.92900,22.37956
149,Biala,Бяла,26,7.00,district town,10851,GARE,district town,Biała Podlaska,https://www.geonames.org/776175/biala-podlaska.html,"52.03238, 23.11652",52.03238,23.11652
150,Sedletsy,Седлецы,26,8.00,district town,10848,GARE,large town,Siedlce,https://www.geonames.org/759412/siedlce.html,"52.16772, 22.29006",52.16772,22.29006
151,Smolensk,Смоленск,27,1.00,provincial town,8481,GARE,provincial town,Smolensk,https://www.geonames.org/491687/smolensk.html,"54.7818, 32.0401",54.78180,32.04010
152,Viaz'ma,Вязьма,27,2.00,district town,8600,GARE,district town,Vyaz’ma,https://www.geonames.org/470676/vyaz-ma.html,"55.21039, 34.29508",55.21039,34.29508
153,Poreche,Поречье,27,3.00,district town,8565,GARE,district town,Porech’ye,https://www.geonames.org/506309/porech-ye.html,"55.31191, 31.27662",55.31191,31.27662
154,Gzhatsk,Гжатск,27,4.00,district town,8659,GARE,district town,Gagarin,https://www.geonames.org/562237/gagarin.html,"55.55329, 34.99684",55.55329,34.99684
155,Sychevka,Сычевка,27,5.00,district town,8651,GARE,district town,Sychëvka,https://www.geonames.org/485280/sychevka.html,"55.82515, 34.27361",55.82515,34.27361
156,Krasnoi,Красной,27,6.00,district town,8478,GARE,district town,Krasnyy,https://www.geonames.org/541867/krasnyy.html,"54.5634, 31.43224",54.56340,31.43224
157,Dorogobuzh,Дорогобуж,27,7.00,district town,8591,GARE,district town,Dorogobuzh,https://www.geonames.org/565202/dorogobuzh.html,"54.915, 33.29722",54.91500,33.29722
158,Dukhovshchina,Духовщина,27,8.00,district town,8503,GARE,district town,Dukhovshchina,https://www.geonames.org/564234/dukhovshchina.html,"55.1919, 32.4111",55.19190,32.41110
159,Roslavl,Рославль,27,9.00,district town,8520,GARE,district town,Roslavl’,https://www.geonames.org/501283/roslavl.html,"53.95278, 32.86389",53.95278,32.86389
160,El'nia,Ельня,27,10.00,district town,8492,GARE,district town,Yel’nya,https://www.geonames.org/467753/yel-nya.html,"54.57864, 33.18373",54.57864,33.18373
161,Yukhnov,Юхнов,27,11.00,district town,8563,GARE,district town,Yukhnov,https://www.geonames.org/466658/yukhnov.html,"54.74444, 35.22972",54.74444,35.22972
162,Beloi,Белой,27,12.00,district town,8621,GARE,district town,Belyy,https://www.geonames.org/577576/belyy.html,"55.8402, 32.9419",55.84020,32.94190
163,Mogilev,Могилев,28,1.00,provincial town,5383,GARE,provincial town,Mahilyow,https://www.geonames.org/625665/mahilyow.html,"53.9168, 30.3449",53.91680,30.34490
164,Kopys,Копыс,28,2.00,district town,5426,GARE,district town,Kopys’,https://www.geonames.org/626949/kopys.html,"54.3221, 30.2897",54.32210,30.28970
165,Orsha,Орша,28,3.00,district town,5445,GARE,district town,Orsha,https://www.geonames.org/624079/orsha.html,"54.5081, 30.4172",54.50810,30.41720
166,Starii Bykhov,Ст Быхов,28,4.00,district town,5335,GARE,district town,Bykhaw,https://www.geonames.org/629447/bykhaw.html,"53.521, 30.2454",53.52100,30.24540
167,Rogachev,Рогачев,28,5.00,district town,5305,GARE,district town,Rahachow,https://www.geonames.org/622739/rahachow.html,"53.0934, 30.0495",53.09340,30.04950
168,Belitsa,Белица,28,6.00,district town,5285,GARE,district town,Homyel',https://www.geonames.org/627907/homyel.html,"52.4345, 30.9754",52.43450,30.97540
169,Chernikov,Черников,28,7.00,district town,5354,GARE,district town,Cherykaw,https://www.geonames.org/629347/cherykaw.html,"53.5689, 31.3831",53.56890,31.38310
170,Chausy,Чаусы,28,8.00,district town,5402,GARE,district town,Chavusy,https://www.geonames.org/629395/chavusy.html,"53.8098, 30.9717",53.80980,30.97170
171,Mstislavl,Мстиславль,28,9.00,district town,5416,GARE,district town,Mstsislaw,https://www.geonames.org/624889/mstsislaw.html,"54.0185, 31.7217",54.01850,31.72170
172,Klimovichi,Климовичи,28,10.00,district town,5369,GARE,district town,Klimavichy,https://www.geonames.org/627202/klimavichy.html,"53.6079, 31.9586",53.60790,31.95860
173,Senno,Сенно,28,11.00,district town,5454,GARE,district town,Syanno,https://www.geonames.org/622258/syanno.html,"54.8108, 29.7086",54.81080,29.70860
174,Minsk,Минск,29,1.00,provincial town,6954,GARE,provincial town,Minsk,https://www.geonames.org/625144/minsk.html,"53.9, 27.56667",53.90000,27.56667
175,Borisov,Борисов,29,2.00,district town,6944,GARE,registered town,Barysaw,https://www.geonames.org/630376/barysaw.html,"54.2279, 28.505",54.22790,28.50500
176,Igumen,Игумен,29,3.00,district town,6974,GARE,district town,Červień,https://www.geonames.org/629273/cervien.html,"53.7059, 28.4313",53.70590,28.43130
177,Bobruisk,Бобруйск,29,4.00,district town,7152,GARE,district town,Babruysk,https://www.geonames.org/630468/babruysk.html,"53.1384, 29.2214",53.13840,29.22140
178,Rechitsa,Речица,29,5.00,district town,7233,GARE,registered town,Rechytsa,https://www.geonames.org/622794/rechytsa.html,"52.3617, 30.3916",52.36170,30.39160
179,Mozyr,Мозырь,29,6.00,district town,7210,GARE,registered town,Mazyr,https://www.geonames.org/625324/mazyr.html,"52.0495, 29.2456",52.04950,29.24560
180,Pinsk,Пинск,29,7.00,district town,7168,GARE,registered town,Pinsk,https://www.geonames.org/623549/pinsk.html,"52.1229, 26.0951",52.12290,26.09510
181,Slutsk,Слуцк,29,8.00,district town,7122,GARE,district town,Slutsk,https://www.geonames.org/621741/slutsk.html,"53.0274, 27.5597",53.02740,27.55970
182,Novogrudok,Новогрудок,29,9.00,district town,7001,GARE,registered town,Novogrudok,https://www.geonames.org/624785/novogrudok.html,"53.5942, 25.8191",53.59420,25.81910
183,Zhitomir,Житомир,30,1.00,provincial town,12871,GARE,provincial town,Zhytomyr,https://www.geonames.org/686967/zhytomyr.html,"50.26487, 28.67669",50.26487,28.67669
184,Novgrad Volynsk,Новград Волынск,30,2.00,district town,12836,GARE,district town,Novohrad-Volynskyi,https://www.geonames.org/699553/novohrad-volynskyi.html,"50.59412, 27.6165",50.59412,27.61650
185,Ovruch,Овруч,30,3.00,district town,12925,GARE,district town,Ovruch,https://www.geonames.org/698131/ovruch.html,"51.3246, 28.80351",51.32460,28.80351
186,Kovel,Ковель,30,4.00,district town,12998,GARE,district town,Kovel,https://www.geonames.org/704617/kovel.html,"51.21526, 24.70867",51.21526,24.70867
187,Vladimir,Владимир,30,5.00,district town,12946,GARE,district town,Volodymyr-Volynskyi,https://www.geonames.org/689378/volodymyr-volynskyi.html,"50.85253, 24.32364",50.85253,24.32364
188,Lutsk,Луцк,30,6.00,district town,12970,GARE,district town,Lutsk,https://www.geonames.org/702569/lutsk.html,"50.75932, 25.34244",50.75932,25.34244
189,Dubno,Дубно,30,7.00,district town,12887,GARE,district town,Dubno,https://www.geonames.org/709540/dubno.html,"50.41694, 25.73432",50.41694,25.73432
190,Kremenets,Кременец,30,8.00,district town,12809,GARE,district town,Kremenets,https://www.geonames.org/704143/kremenets.html,"50.09864, 25.72787",50.09864,25.72787
191,Ravno,Равно,30,9.00,district town,12908,GARE,district town,Rivne,https://www.geonames.org/695594/rivne.html,"50.62308, 26.22743",50.62308,26.22743
192,Ostrog,Острог,30,10.00,district town,12817,GARE,district town,Ostroh,https://www.geonames.org/698232/ostroh.html,"50.32942, 26.51425",50.32942,26.51425
193,Zaslavl,Заславль,30,11.00,district town,12830,GARE,district town,Izyaslav,https://www.geonames.org/707296/izyaslav.html,"50.11978, 26.82475",50.11978,26.82475
194,Kiev,Киев,31,1.00,provincial town,5179,GARE,provincial town,Kyiv,https://www.geonames.org/703448/kyiv.html,"50.45466, 30.5238",50.45466,30.52380
195,Vasil'kov,Васильков,31,2.00,district town,5177,GARE,district town,Vasylkiv,https://www.geonames.org/690412/vasylkiv.html,"50.18693, 30.31346",50.18693,30.31346
196,Berdichev,Бердичев,31,3.00,district town,12868,GARE,minor town,Berdychiv,https://www.geonames.org/712441/berdychiv.html,"49.89408, 28.60144",49.89408,28.60144
197,Zvenigorodka,Звенигородка,31,4.00,district town,5098,GARE,district town,Zvenihorodka,https://www.geonames.org/686803/zvenihorodka.html,"49.07765, 30.96074",49.07765,30.96074
198,Cherkasy,Черкасы,31,5.00,district town,5059,GARE,district town,Cherkasy,https://www.geonames.org/710791/cherkasy.html,"49.44452, 32.05738",49.44452,32.05738
199,Skvira,Сквира,31,6.00,district town,5207,GARE,district town,Skvyra,https://www.geonames.org/693615/skvyra.html,"49.73303, 29.66426",49.73303,29.66426
200,Radomysl,Радомысль,31,7.00,district town,5256,GARE,district town,Radomyshl,https://www.geonames.org/695912/radomyshl.html,"50.49613, 29.22911",50.49613,29.22911
201,Chigrin,Чигрин,31,8.00,district town,5047,GARE,registered town,Chyhyryn,https://www.geonames.org/710473/chyhyryn.html,"49.08045, 32.66082",49.08045,32.66082
202,Lipovets,Липовец,31,9.00,district town,5129,GARE,district town,Lypovets,https://www.geonames.org/703013/lypovets.html,"49.22776, 29.05669",49.22776,29.05669
203,Tarashcha,Тараща,31,10.00,district town,5158,GARE,district town,Tarashcha,https://www.geonames.org/691904/tarashcha.html,"49.55883, 30.49967",49.55883,30.49967
204,Uman,Умань,31,11.00,district town,5113,GARE,district town,Uman,https://www.geonames.org/690688/uman.html,"48.7501, 30.21944",48.75010,30.21944
205,Kanev,Канев,31,12.00,district town,5082,GARE,minor town,Kaniv,https://www.geonames.org/706900/kaniv.html,"49.75187, 31.47003",49.75187,31.47003
206,Poltava,Полтава,32,1.00,provincial town,8330,GARE,provincial town,Poltava,https://www.geonames.org/696643/poltava.html,"49.58925, 34.55367",49.58925,34.55367
207,Konstantinograd,Константиноград,32,2.00,district town,8355,GARE,district town,Krasnohrad,https://www.geonames.org/704388/krasnohrad.html,"49.37511, 35.45493",49.37511,35.45493
208,Khorol,Хороль,32,3.00,district town,8396,GARE,district town,Khorol,https://www.geonames.org/706289/khorol.html,"49.78286, 33.27184",49.78286,33.27184
209,Romny,Ромны,32,4.00,district town,8301,GARE,district town,Romny,https://www.geonames.org/695464/romny.html,"50.75104, 33.47471",50.75104,33.47471
210,Zolotonosha,Золотоноша,32,5.00,district town,8429,GARE,district town,Zolotonosha,https://www.geonames.org/686875/zolotonosha.html,"49.66926, 32.03637",49.66926,32.03637
211,Lubny,Лубны,32,6.00,district town,8419,GARE,district town,Lubny,https://www.geonames.org/702723/lubny.html,"50.01413, 32.99975",50.01413,32.99975
212,Pereiaslov,Переяслов,32,7.00,district town,8460,GARE,district town,Pereiaslav,https://www.geonames.org/697637/pereiaslav.html,"50.06739, 31.44969",50.06739,31.44969
213,Priluki,Прилуки,32,8.00,district town,8450,GARE,district town,Pryluky,https://www.geonames.org/696108/pryluky.html,"50.59323, 32.38761",50.59323,32.38761
214,Gadiach',Гадячь,32,9.00,district town,8314,GARE,district town,Hadyach,https://www.geonames.org/709054/hadyach.html,"50.36912, 33.997",50.36912,33.99700
215,Mirgorod,Миргород,32,10.00,district town,8402,GARE,district town,Myrhorod,https://www.geonames.org/701075/myrhorod.html,"49.96464, 33.60861",49.96464,33.60861
216,Zenkov,Зеньков,32,11.00,district town,8327,GARE,district town,Zinkiv,https://www.geonames.org/687292/zinkiv.html,"50.20987, 34.35952",50.20987,34.35952
217,Kremenchug,Кременчуг,32,12.00,district town,8389,GARE,district town,Kremenchuk,https://www.geonames.org/704147/kremenchuk.html,"49.06253, 33.40484",49.06253,33.40484
218,Lokhvitsa,Лохвица,32,13.00,district town,8415,GARE,district town,Lokhvytsya,https://www.geonames.org/702874/lokhvytsya.html,"50.36444, 33.27153",50.36444,33.27153
219,Kobeliaki,Кобеляки,32,14.00,district town,8370,GARE,district town,Kobelyaky,https://www.geonames.org/705544/kobelyaky.html,"49.14936, 34.20193",49.14936,34.20193
220,Piriatin,Пирятин,32,15.00,district town,8446,GARE,district town,Pyriatyn,https://www.geonames.org/697183/pyriatyn.html,"50.24388, 32.5203",50.24388,32.52030
221,Chernigov,Чернигов,33,1.00,provincial town,2301,GARE,provincial town,Chernihiv,https://www.geonames.org/710735/chernihiv.html,"51.50551, 31.28487",51.50551,31.28487
222,Oster,Остер,33,2.00,district town,2250,GARE,district town,Oster,https://www.geonames.org/698247/oster.html,"50.9506, 30.88229",50.95060,30.88229
223,Kozelets,Козелец,33,3.00,district town,2263,GARE,district town,Kozelets,https://www.geonames.org/704573/kozelets.html,"50.91334, 31.1214",50.91334,31.12140
224,Nezhin,Нежин,33,4.00,district town,2274,GARE,district town,Nizhyn,https://www.geonames.org/699942/nizhyn.html,"51.04801, 31.88688",51.04801,31.88688
225,Borzna,Борзна,33,5.00,district town,2283,GARE,district town,Borzna,https://www.geonames.org/711536/borzna.html,"51.25464, 32.4269",51.25464,32.42690
226,Konotop,Конотоп,33,6.00,district town,2300,GARE,district town,Konotop,https://www.geonames.org/705135/konotop.html,"51.24032, 33.20263",51.24032,33.20263
227,Krolevets,Кролевец,33,7.00,district town,2345,GARE,district town,Krolevets,https://www.geonames.org/704000/krolevets.html,"51.54775, 33.38475",51.54775,33.38475
228,Glukhov,Глухов,33,8.00,district town,2353,GARE,district town,Hlukhiv,https://www.geonames.org/707758/hlukhiv.html,"51.67822, 33.9162",51.67822,33.91620
229,Novgorod-Seversk,Новгород-Северск,33,9.00,district town,2401,GARE,district town,Novhorod-Siverskyi,https://www.geonames.org/699753/novhorod-siverskyi.html,"52.00683, 33.26335",52.00683,33.26335
230,Sosnitsa,Сосница,33,10.00,district town,2333,GARE,district town,Sosnytsya,https://www.geonames.org/693100/sosnytsya.html,"51.52387, 32.49985",51.52387,32.49985
231,Gorodnia,Городня,33,11.00,district town,2366,GARE,district town,Horodnia,https://www.geonames.org/708320/horodnia.html,"51.89085, 31.59741",51.89085,31.59741
232,Novozybkov,Новозыбков,33,12.00,district town,2383,GARE,district town,Novozybkov,https://www.geonames.org/517269/novozybkov.html,"52.5396, 31.9275",52.53960,31.92750
233,Starodub,Стародуб,33,13.00,district town,2419,GARE,district town,Starodub,https://www.geonames.org/488852/starodub.html,"52.58438, 32.76398",52.58438,32.76398
234,Mglin,Мглин,33,14.00,district town,2453,GARE,district town,Mglin,https://www.geonames.org/527217/mglin.html,"53.05907, 32.84753",53.05907,32.84753
235,Surazh,Сураж,33,15.00,district town,2426,GARE,district town,Surazh,https://www.geonames.org/486148/surazh.html,"53.01747, 32.39178",53.01747,32.39178
236,Kursk,Курск,34,1.00,provincial town,5488,GARE,provincial town,Kursk,https://www.geonames.org/538560/kursk.html,"51.73733, 36.18735",51.73733,36.18735
237,Fatezh,Фатеж,34,2.00,district town,5660,GARE,district town,Fatezh,https://www.geonames.org/563300/fatezh.html,"52.0891, 35.8632",52.08910,35.86320
238,Lgov,Льгов,34,3.00,district town,5484,GARE,district town,L'gov,https://www.geonames.org/535347/l-gov.html,"51.6888, 35.2843",51.68880,35.28430
239,Rylsk,Рыльск,34,4.00,district town,5596,GARE,district town,Ryl’sk,https://www.geonames.org/695019/ryl-sk.html,"51.5655, 34.6822",51.56550,34.68220
240,Bel Gorod,Бел Город,34,5.00,district town,5525,GARE,district town,Belgorod,https://www.geonames.org/578072/belgorod.html,"50.61074, 36.58015",50.61074,36.58015
241,Putivl,Путивль,34,6.00,district town,5583,GARE,district town,Putyvl,https://www.geonames.org/696008/putyvl.html,"51.33745, 33.87066",51.33745,33.87066
242,Sudzha,Суджа,34,7.00,district town,5607,GARE,district town,Sudzha,https://www.geonames.org/486816/sudzha.html,"51.1976, 35.2726",51.19760,35.27260
243,Oboian,Обоян,34,8.00,district town,5620,GARE,district town,Oboyan,https://www.geonames.org/516400/oboyan.html,"51.21069, 36.27613",51.21069,36.27613
244,Dmitriev,Дмитриев,34,9.00,district town,5651,GARE,district town,Dmitriev,https://www.geonames.org/566015/dmitriyev.html,"52.1257, 35.0755",52.12570,35.07550
245,Novii Oskol,Нов. Оскол,34,10.00,district town,5557,GARE,district town,Novyy Oskol,https://www.geonames.org/516931/novyy-oskol.html,"50.76331, 37.86415",50.76331,37.86415
246,Korocha,Кароча,34,11.00,district town,5548,GARE,district town,Korocha,https://www.geonames.org/544707/korocha.html,"50.8132, 37.18598",50.81320,37.18598
247,Starii Oskol,Старий Оскол,34,12.00,district town,5567,GARE,registered town,Staryy Oskol,https://www.geonames.org/487928/staryy-oskol.html,"51.29667, 37.84167",51.29667,37.84167
248,Tim,Тим,34,13.00,district town,5639,GARE,district town,Tim,https://www.geonames.org/482986/tim.html,"51.62222, 37.12444",51.62222,37.12444
249,Shchigry,Щигры,34,14.00,district town,5507,GARE,district town,Shchigry,https://www.geonames.org/495206/shchigry.html,"51.87555, 36.90432",51.87555,36.90432
250,Grayvoron,Грайворон,34,15.00,district town,5515,GARE,village (selo),Grayvoron,https://www.geonames.org/559034/grayvoron.html,"50.4767, 35.6773",50.47670,35.67730
251,Kishinev,Кишинев,35,1.00,provincial town,918,GARE,provincial town,Chisinau,https://www.geonames.org/618426/chisinau.html,"47.00556, 28.8575",47.00556,28.85750
252,Khotin,Хотин,35,2.00,district town,996,GARE,district town,Khotyn,https://www.geonames.org/706244/khotyn.html,"48.50555, 26.48978",48.50555,26.48978
253,Soroki,Сороки,35,3.00,district town,961,GARE,minor town,Soroca,https://www.geonames.org/617367/soroca.html,"48.15659, 28.28489",48.15659,28.28489
254,Beltsy,Бельцы,35,4.00,district town,964,GARE,district town,Bălți,https://www.geonames.org/618605/balti.html,"47.76314, 27.92932",47.76314,27.92932
255,Orgeev,Оргеев,35,5.00,district town,928,GARE,district town,Orhei,https://www.geonames.org/617638/orhei.html,"47.38494, 28.82446",47.38494,28.82446
256,Bendery,Бендеры,35,6.00,district town,899,GARE,district town,Bender,https://www.geonames.org/618577/bender.html,"46.83156, 29.47769",46.83156,29.47769
257,Akkerman,Аккерман,35,7.00,district town,856,GARE,district town,Bilhorod-Dnistrovskyi,https://www.geonames.org/712160/bilhorod-dnistrovskyi.html,"46.19484, 30.34827",46.19484,30.34827
258,Kagul,Кагуль,35,8.00,district town,16102,GeoCards,not represented,Cahul,https://www.geonames.org/618456/cahul.html,"45.90425, 28.19929",45.90425,28.19929
259,Izmail,Измаил,35,9.00,district town,866,GARE,district town,Izmail,https://www.geonames.org/707308/izmail.html,"45.35058, 28.83751",45.35058,28.83751
260,Kamenets-Podolsk,Каменец-Подольск,36,1.00,provincial town,7323,GARE,provincial town,Kamyianets-Podilskyy,https://www.geonames.org/706950/kamyianets-podilskyy.html,"48.67882, 26.58516",48.67882,26.58516
261,Ushitsa,Ушица,36,2.00,district town,7343,GARE,district town,Stara Ushytsya,https://www.geonames.org/692860/stara-ushytsya.html,"48.59427, 27.07487",48.59427,27.07487
262,Mogilev,Могилев,36,3.00,district town,7356,GARE,district town,Mohyliv-Podilskyy,https://www.geonames.org/700918/mohyliv-podilskyy.html,"48.44278, 27.79975",48.44278,27.79975
263,Yampol,Ямполь,36,4.00,district town,7292,GARE,district town,Yampil,https://www.geonames.org/693020/yampil.html,"48.24056, 28.28141",48.24056,28.28141
264,Balta,Балта,36,5.00,district town,7265,GARE,district town,Balta,https://www.geonames.org/712886/balta.html,"47.93596, 29.62225",47.93596,29.62225
265,Olgopol,Ольгополь,36,6.00,district town,7280,GARE,district town,Olhopil,https://www.geonames.org/698574/olhopil.html,"48.18577, 29.49499",48.18577,29.49499
266,Bratslav,Брацлав,36,7.00,district town,7303,GARE,district town,Bratslav,https://www.geonames.org/711459/bratslav.html,"48.82317, 28.93827",48.82317,28.93827
267,Gaisin,Гайсин,36,8.00,district town,7313,GARE,district town,Gaysin,https://www.geonames.org/708900/gaysin.html,"49.23333, 29.06667",49.23333,29.06667
268,Vinnitsa,Винница,36,9.00,district town,7389,GARE,district town,Vinnytsya,https://www.geonames.org/689558/vinnytsya.html,"49.2322, 28.46871",49.23220,28.46871
269,Litin,Литин,36,10.00,district town,7378,GARE,district town,Lityn,https://www.geonames.org/702931/lityn.html,"49.32711, 28.08698",49.32711,28.08698
270,Litichev,Литичев,36,11.00,district town,7371,GARE,district town,Letychiv,https://www.geonames.org/703142/letychiv.html,"49.3801, 27.61889",49.38010,27.61889
271,Proskurov,Проскуров,36,12.00,district town,7365,GARE,district town,Khmelnytskyi,https://www.geonames.org/706369/khmelnytskyi.html,"49.41835, 26.97936",49.41835,26.97936
272,Kherson,Херсон,37,1.00,provincial town,12310,GARE,provincial town,Kherson,https://www.geonames.org/706448/kherson.html,"46.63695, 32.61458",46.63695,32.61458
273,Odessa,Одесса,37,2.00,district town,12355,GARE,registered town,Odesa,https://www.geonames.org/698740/odessa.html,"46.48572, 30.74383",46.48572,30.74383
274,Tiraspol,Тирасполь,37,3.00,district town,12343,GARE,district town,Tiraspol,https://www.geonames.org/617239/tiraspol.html,"46.84274, 29.62909",46.84274,29.62909
275,Ananev,Ананьев,37,4.00,district town,12364,GARE,village (selo),Ananyiv,https://www.geonames.org/713500/ananyiv.html,"47.71975, 29.95711",47.71975,29.95711
276,Bobrinsk,Бобринск,37,5.00,district town,12460,GARE,district town,Bobrinets,https://www.geonames.org/705812/kropyvnytskyy.html,"48.50834, 32.26618",48.50834,32.26618
277,Aleksandriia,Александрия,37,6.00,district town,12474,GARE,district town,Oleksandriya,https://www.geonames.org/698625/oleksandriya.html,"48.67466, 33.11761",48.67466,33.11761
278,Simferopol,Симферополь,38,1.00,provincial town,7962,GARE,provincial town,Simferopol,https://www.geonames.org/693805/simferopol.html,"44.95719, 34.11079",44.95719,34.11079
279,Berdiansk,Бердянск,38,2.00,district town,16093,GeoCards,not represented,Berdyansk,https://www.geonames.org/712451/berdyansk.html,"46.75578, 36.78815",46.75578,36.78815
280,Feodosiia,Феодосия,38,3.00,district town,8012,GARE,district town,Feodosiya,https://www.geonames.org/709161/feodosiya.html,"45.03199, 35.38153",45.03199,35.38153
281,Evpatoriia,Евпатория,38,4.00,district town,7970,GARE,district town,Yevpatoriya,https://www.geonames.org/688105/yevpatoriya.html,"45.20091, 33.36655",45.20091,33.36655
282,Perekop,Перекоп,38,5.00,district town,7998,GARE,district town,Perekop,https://www.geonames.org/697729/perekop.html,"46.16056, 33.69283",46.16056,33.69283
283,Aleshki,Алешки,38,6.00,district town,8007,GARE,district town,Oleshky,https://www.geonames.org/691037/oleshky.html,"46.62553, 32.72426",46.62553,32.72426
284,Melitopol,Мелитополь,38,7.00,district town,8038,GARE,district town,Melitopol,https://www.geonames.org/701404/melitopol.html,"46.84735, 35.38196",46.84735,35.38196
285,Yalta,Ялта,38,8.00,district town,16092,GeoCards,not represented,Yalta,https://www.geonames.org/688533/yalta.html,"44.50218, 34.16624",44.50218,34.16624
286,Yekaterinoslav,Екатеринослав,39,1.00,provincial town,740,GARE,provincial town,Dnipro,https://www.geonames.org/709930/dnipro.html,"48.46664, 35.04066",48.46664,35.04066
287,Slvianoserbsk,Слвяносербск,39,2.00,district town,663,GARE,district town,Slov`yanoserbsk,https://www.geonames.org/693469/slov%60yanoserbsk.html,"48.69779, 38.98133",48.69779,38.98133
288,Bakhmut,Бахмут,39,3.00,district town,683,GARE,district town,Bakhmut,https://www.geonames.org/713174/bakhmut.html,"48.59441, 37.99983",48.59441,37.99983
289,Rostov,Ростов,39,4.00,district town,12264,GARE,district town,Rostov-na-Donu,https://www.geonames.org/501175/rostov-na-donu.html,"47.23135, 39.72328",47.23135,39.72328
290,Aleksandrovsk,Александровск,39,5.00,district town,724,GARE,district town,Zaporizhzhya,https://www.geonames.org/687700/zaporizhzhya.html,"47.85167, 35.11714",47.85167,35.11714
291,Taganrog,Таганрог,39,6.00,district town,16094,GeoCards,not represented,Taganrog,http://www.geonames.org/484907/taganrog.html,"47.23627, 38.9053",47.23627,38.90530
292,Verkhnedneprovsk,Верхнеднепровск,39,7.00,district town,801,GARE,district town,Verkhnodniprovsk,https://www.geonames.org/689916/verkhnodniprovsk.html,"48.65557, 34.3262",48.65557,34.32620
293,Novomoskovsk,Новомосковск,39,8.00,district town,784,GARE,district town,Novomoskovsk,https://www.geonames.org/699445/novomoskovsk.html,"48.62893, 35.2589",48.62893,35.25890
294,Pavlograd,Павлоград,39,9.00,district town,750,GARE,district town,Pavlohrad,https://www.geonames.org/697889/pavlohrad.html,"48.53214, 35.86878",48.53214,35.86878
295,Kharkhov,Харьхов,40,1.00,provincial town,811,GARE,provincial town,Kharkiv,https://www.geonames.org/706483/kharkiv.html,"49.98081, 36.25272",49.98081,36.25272
296,Kupiansk,Купянск,40,2.00,district town,4452,GARE,district town,Kupyansk,https://www.geonames.org/703656/kupiansk.html,"49.71003, 37.61581",49.71003,37.61581
297,Bogodukhov,Богодухов,40,3.00,district town,4478,GARE,registered town,Bohodukhiv,https://www.geonames.org/711894/bohodukhiv.html,"50.16466, 35.52765",50.16466,35.52765
298,Izium,Изюм,40,4.00,district town,4522,GARE,registered town,Izium,https://www.geonames.org/707292/izium.html,"49.20697, 37.27679",49.20697,37.27679
299,Volchansk,Волчанск,40,5.00,district town,4572,GARE,district town,Vovchansk,https://www.geonames.org/689304/vovchansk.html,"50.29078, 36.94108",50.29078,36.94108
300,Sumy,Сумы,40,6.00,district town,842,GARE,registered town,Sumy,https://www.geonames.org/692194/sumy.html,"50.9216, 34.80029",50.92160,34.80029
301,Zmeev,Змеев,40,7.00,district town,4457,GARE,registered town,Zmiiv,https://www.geonames.org/686928/zmiiv.html,"49.68886, 36.3576",49.68886,36.35760
302,Lebedin,Лебедин,40,8.00,district town,4501,GARE,district town,Lebedyn,https://www.geonames.org/613273/lebedyn.html,"50.58518, 34.4849",50.58518,34.48490
303,Akhtyrka,Ахтырка,40,9.00,district town,837,GARE,registered town,Okhtyrka,https://www.geonames.org/713749/okhtyrka.html,"50.31036, 34.89879",50.31036,34.89879
304,Valki,Валки,40,10.00,district town,4472,GARE,district town,Valky,https://www.geonames.org/690509/valky.html,"49.83597, 35.61223",49.83597,35.61223
305,Starobelsk,Старобельск,40,11.00,district town,12535,GARE,district town,Starobilsk,https://www.geonames.org/692832/starobilsk.html,"49.27832, 38.91069",49.27832,38.91069
306,Voronezh,Воронежь,41,1.00,provincial town,12491,GARE,provincial town,Voronezh,https://www.geonames.org/472045/voronezh.html,"51.67204, 39.1843",51.67204,39.18430
307,Zemliansk,Землянск,41,2.00,district town,12766,GARE,district town,Zemlyansk,https://www.geonames.org/463690/zemlyansk.html,"51.9041, 38.7334",51.90410,38.73340
308,Nizhnedevitsk,Нижнедевицк,41,3.00,district town,12750,GARE,district town,Nizhnedevitsk,https://www.geonames.org/521148/nizhnedevitsk.html,"51.54193, 38.3657",51.54193,38.36570
309,Bobrov,Бобров,41,4.00,district town,12700,GARE,district town,Bobrov,https://www.geonames.org/575948/bobrov.html,"51.0994, 40.0244",51.09940,40.02440
310,Ostrogozhsk,Острогожск,41,5.00,district town,12635,GARE,district town,Ostrogozhsk,https://www.geonames.org/514198/ostrogozhsk.html,"50.8664, 39.07561",50.86640,39.07561
311,Korotoiak,Коротояк,41,6.00,district town,12686,GARE,district town,Korotoyak,https://www.geonames.org/544576/korotoyak.html,"50.98665, 39.17677",50.98665,39.17677
312,Biriuch,Бирючь,41,7.00,district town,12645,GARE,district town,Krasnogvardeyskoye,https://www.geonames.org/542333/krasnogvardeyskoye.html,"50.64922, 38.4036",50.64922,38.40360
313,Pavlovsk,Павловск,41,8.00,district town,12668,GARE,district town,Pavlovsk,https://www.geonames.org/512053/pavlovsk.html,"50.45778, 40.10806",50.45778,40.10806
314,Zadonsk,Задонск,41,9.00,district town,12790,GARE,district town,Zadonsk,https://www.geonames.org/465726/zadonsk.html,"52.3904, 38.9261",52.39040,38.92610
315,Valuiki,Валуйки,41,10.00,district town,12568,GARE,district town,Valuyki,https://www.geonames.org/477192/valuyki.html,"50.2035, 38.1067",50.20350,38.10670
316,Boguchar,Богучар,41,11.00,district town,12625,GARE,district town,Boguchar,https://www.geonames.org/575457/boguchar.html,"49.93577, 40.545",49.93577,40.54500
317,Novokhopersk,Новохоперск,41,12.00,district town,12735,GARE,district town,Novokhopërsk,https://www.geonames.org/518745/novokhopersk.html,"51.0969, 41.6252",51.09690,41.62520
318,Novocherkask,Новочеркаск,42,1.00,provincial town,12244,GARE,provincial town,Novocherkassk,https://www.geonames.org/518970/novocherkassk.html,"47.42096, 40.09185",47.42096,40.09185
319,Vedernikovskaia,Ведерниковская,42,2.00,district town,12170,GARE,post house,Vedernikov,https://www.geonames.org/476231/vedernikov.html,"47.58109, 41.14589",47.58109,41.14589
320,Nizhne-Chirskaia stantsiia,Нижне Чирская,42,3.00,district town,12123,GARE,minor town,Nizhniy Chir,https://www.geonames.org/520783/nizhniy-chir.html,"48.35973, 43.0865",48.35973,43.08650
321,Medveditskaia,Медведицкая,42,4.00,district town,12108,GARE,minor town,Serafimovich,https://www.geonames.org/496957/serafimovich.html,"49.5786, 42.736",49.57860,42.73600
322,Kamenskaia,Каменская,42,5.00,district town,12224,GARE,minor town,Kamensk-Shakhtinskiy,https://www.geonames.org/553399/kamensk-shakhtinskiy.html,"48.31779, 40.25948",48.31779,40.25948
323,Alekseevskaia,Алексеевская,42,6.00,district town,7922,GARE,village (selo),Alekseyevka,https://www.geonames.org/582960/alekseyevka.html,"47.63447, 38.81767",47.63447,38.81767
324,Golodaevka sloboda,Голодаевка Слобода,42,7.00,district town,16103,GeoCards,not represented,Kuybyshevo,https://www.geonames.org/538061/kuybyshevo.html,"47.81228, 38.90731",47.81228,38.90731
325,Stavropol,Ставрополь,43,1.00,provincial town,267,GARE,provincial town,Stavropol’,https://www.geonames.org/487846/stavropol.html,"45.0428, 41.9734",45.04280,41.97340
326,Piatigorsk,Пятигорск,43,2.00,district town,316,GARE,district town,Pyatigorsk,https://www.geonames.org/503550/pyatigorsk.html,"44.04861, 43.05944",44.04861,43.05944
327,Kizliar,Кизляр,43,3.00,district town,334,GARE,district town,Kizlyar,https://www.geonames.org/547840/kizlyar.html,"43.84712, 46.71445",43.84712,46.71445
328,Ekaterinodar,Екатеринодар,44,1.00,provincial town,245,GARE,registered town,Krasnodar,https://www.geonames.org/542420/krasnodar.html,"45.04484, 38.97603",45.04484,38.97603
329,Taman,Таман,44,2.00,district town,260,GARE,registered town,Taman,https://www.geonames.org/484670/taman.html,"45.2117, 36.71609",45.21170,36.71609
330,Eysk,Ейск,44,3.00,district town,14046,GARE,fortress,Yeysk,https://www.geonames.org/466885/yeysk.html,"46.7055, 38.2739",46.70550,38.27390
331,Tver,Тверь,45,1.00,provincial town,9433,GARE,provincial town,Tver,https://www.geonames.org/480060/tver.html,"56.85836, 35.90057",56.85836,35.90057
332,Kashin,Кашин,45,2.00,district town,9507,GARE,district town,Kashin,https://www.geonames.org/551986/kashin.html,"57.35917, 37.60806",57.35917,37.60806
333,Torzhok,Торжок,45,3.00,district town,9478,GARE,district town,Torzhok,https://www.geonames.org/481985/torzhok.html,"57.0436, 34.96221",57.04360,34.96221
334,Bezhetsk,Бежецк,45,3.00,district town,9593,GARE,district town,Bezhetsk,https://www.geonames.org/576566/bezhetsk.html,"57.78506, 36.69651",57.78506,36.69651
335,Zubtsov,Зубцов,45,4.00,district town,9531,GARE,district town,Zubtsov,https://www.geonames.org/462008/zubtsov.html,"56.17533, 34.58935",56.17533,34.58935
336,Vyshnei Volochok,Вышней Волочок,45,5.00,district town,9563,GARE,district town,Vyshniy Volochëk,https://www.geonames.org/470252/vyshniy-volochek.html,"57.59125, 34.56453",57.59125,34.56453
337,Staritsa,Старица,45,6.00,district town,9430,GARE,district town,Staritsa,https://www.geonames.org/488946/staritsa.html,"56.50752, 34.93544",56.50752,34.93544
338,Ostashkov,Осташков,45,7.00,district town,9387,GARE,district town,Ostashkov,https://www.geonames.org/514259/ostashkov.html,"57.14667, 33.10753",57.14667,33.10753
339,Korcheva,Корчева,45,8.00,district town,9451,GARE,district town,Korcheva,,,,
340,Vesegonsk,Весьегонск,45,10.00,district town,9623,GARE,registered town,Ves’yegonsk,https://www.geonames.org/473943/ves-yegonsk.html,"58.66398, 37.2604",58.66398,37.26040
341,Rzhev,Ржев,45,11.00,district town,9527,GARE,district town,Rzhev,https://www.geonames.org/499717/rzhev.html,"56.26241, 34.32817",56.26241,34.32817
342,Koliazin,Колязин,45,12.00,district town,9470,GARE,district town,Kalyazin,https://www.geonames.org/553884/kalyazin.html,"57.24028, 37.84333",57.24028,37.84333
343,Yaroslavl,Ярославль,46,1.00,provincial town,2773,GARE,provincial town,Yaroslavl,https://www.geonames.org/468902/yaroslavl.html,"57.62987, 39.87368",57.62987,39.87368
344,Romanov-Borisoglebsk,Романов-Борисоглебск,46,2.00,district town,2858,GARE,district town,Tutaev,https://www.geonames.org/480122/tutayev.html,"57.88529, 39.5406",57.88529,39.54060
345,Rybinsk,Рыбинск,46,3.00,district town,2838,GARE,district town,Rybinsk,https://www.geonames.org/500004/rybinsk.html,"58.0446, 38.84259",58.04460,38.84259
346,Mologa,Молога,46,4.00,district town,2809,GARE,district town,Mologa,https://www.geonames.org/11608651/mologa.html,"58.19894, 38.43979",58.19894,38.43979
347,Myshkin,Мышкин,46,5.00,district town,2737,GARE,district town,Myshkin,https://www.geonames.org/523859/myshkin.html,"57.78973, 38.45448",57.78973,38.45448
348,Uglich,Углич,46,6.00,district town,2766,GARE,district town,Uglich,https://www.geonames.org/479532/uglich.html,"57.5275, 38.33167",57.52750,38.33167
349,Rostov,Ростов,46,7.00,district town,2714,GARE,district town,Rostov,https://www.geonames.org/501183/rostov.html,"57.1914, 39.41394",57.19140,39.41394
350,Danilov,Данилов,46,8.00,district town,2879,GARE,district town,Danilov,https://www.geonames.org/567183/danilov.html,"58.1908, 40.17171",58.19080,40.17171
351,Liubim,Любим,46,9.00,district town,2897,GARE,district town,Liubim,https://www.geonames.org/532600/lyubim.html,"58.3625, 40.68433",58.36250,40.68433
352,Poshekhon,Пошехон,46,10.00,district town,2921,GARE,district town,Poshekhon,https://www.geonames.org/506029/poshekhon-ye.html,"58.49928, 39.13531",58.49928,39.13531
353,Kostroma,Кострома,47,1.00,provincial town,4379,GARE,provincial town,Kostroma,https://www.geonames.org/543878/kostroma.html,"57.76647, 40.92686",57.76647,40.92686
354,Kineshma,Кинешма,47,2.00,district town,4419,GARE,district town,Kineshma,https://www.geonames.org/548605/kineshma.html,"57.43914, 42.12894",57.43914,42.12894
355,Yurevets Povolskii,Юрьевец Повольской,47,3.00,district town,8086,GARE,registered town,Yur’yevets,https://www.geonames.org/466258/yur-yevets.html,"57.32007, 43.1041",57.32007,43.10410
356,Nerekhta,Нерехта,47,4.00,district town,4406,GARE,district town,Nerekhta,https://www.geonames.org/522594/nerekhta.html,"57.45881, 40.57471",57.45881,40.57471
357,Bui,Буй,47,5.00,district town,4227,GARE,district town,Buy,https://www.geonames.org/570508/buy.html,"58.48067, 41.53699",58.48067,41.53699
358,Solgalich,Сольгаличь,47,6.00,district town,4219,GARE,district town,Soligalich,https://www.geonames.org/491025/soligalich.html,"59.0796, 42.28526",59.07960,42.28526
359,Chukhloma,Чухлома,47,7.00,district town,4198,GARE,district town,Chukhloma,https://www.geonames.org/567695/chukhloma.html,"58.75375, 42.68318",58.75375,42.68318
360,Galich,Галичь,47,8.00,district town,4238,GARE,district town,Galich,https://www.geonames.org/562161/galich.html,"58.37884, 42.34633",58.37884,42.34633
361,Kologriv,Кологрив,47,9.00,district town,4249,GARE,district town,Kologriv,https://www.geonames.org/546282/kologriv.html,"58.82748, 44.31777",58.82748,44.31777
362,Vetluga,Ветлуга,47,10.00,district town,4289,GARE,district town,Vetluga,https://www.geonames.org/473910/vetluga.html,"57.85574, 45.78102",57.85574,45.78102
363,Varnavin,Варнавин,47,11.00,district town,4321,GARE,district town,Varnavino,https://www.geonames.org/476982/varnavino.html,"57.40351, 45.09164",57.40351,45.09164
364,Makarev,Макарьев,47,12.00,district town,4364,GARE,district town,Makar'yevo,https://www.geonames.org/532133/makar-yevo.html,"56.08367, 45.06291",56.08367,45.06291
365,Nizhnii Novgorod,Нижний Новгород,48,1.00,provincial town,5988,GARE,provincial town,Nizhnii Novgorod,https://www.geonames.org/520555/nizhniy-novgorod.html,"56.32867, 44.00205",56.32867,44.00205
366,Balakhna,Балахна,48,2.00,district town,6101,GARE,district town,Balakhna,https://www.geonames.org/579514/novaya-balakhna.html,"56.48989, 43.60114",56.48989,43.60114
367,Gorbatov,Горбатов,48,3.00,district town,6069,GARE,district town,Gorbatov,https://www.geonames.org/560285/gorbatov.html,"56.1311, 43.06363",56.13110,43.06363
368,Ardatov,Ардатов,48,4.00,district town,6017,GARE,district town,Ardatov,https://www.geonames.org/581186/ardatov.html,"55.24205, 43.09699",55.24205,43.09699
369,Arzamas,Арзамас,48,5.00,district town,6033,GARE,district town,Arzamas,https://www.geonames.org/580724/arzamas.html,"55.39485, 43.83992",55.39485,43.83992
370,Lukoianov,Лукоянов,48,6.00,district town,5952,GARE,district town,Lukoianov,https://www.geonames.org/533400/lukoyanov.html,"55.02772, 44.47865",55.02772,44.47865
371,Sergach,Сергачь,48,7.00,district town,6041,GARE,district town,Sergach,https://www.geonames.org/496802/sergach.html,"55.53079, 45.46611",55.53079,45.46611
372,Kniaginin,Княгинин,48,8.00,district town,6046,GARE,district town,Knyaginino,https://www.geonames.org/547162/knyaginino.html,"55.82278, 45.03489",55.82278,45.03489
373,Vasilsursk,Васильсурск,48,9.00,district town,6085,GARE,district town,Vasil’sursk,https://www.geonames.org/476732/vasil-sursk.html,"56.13139, 46.016",56.13139,46.01600
374,Makarev,Макарев,48,10.00,district town,6149,GARE,district town,Makar'yevo,https://www.geonames.org/532133/makar-yevo.html,"56.08367, 45.06291",56.08367,45.06291
375,Semenov,Семенов,48,11.00,district town,6114,GARE,district town,Semënov,https://www.geonames.org/497450/semenov.html,"56.78749, 44.49297",56.78749,44.49297
376,Kazan,Казань,49,1.00,provincial town,53,GARE,provincial town,Kazan,https://www.geonames.org/551487/kazan.html,"55.78874, 49.12214",55.78874,49.12214
377,Sviiazhsk,Свияжск,49,2.00,district town,176,GARE,district town,Sviyazhsk,https://www.geonames.org/485516/sviyazhsk.html,"55.77329, 48.66051",55.77329,48.66051
378,Cheboksar,Чебоксар,49,3.00,district town,196,GARE,district town,Cheboksary,https://www.geonames.org/569696/cheboksary.html,"56.13222, 47.25194",56.13222,47.25194
379,Kozmodemyansk,Козмодемьянск,49,4.00,district town,12,GARE,district town,Koz’modem’yansk,https://www.geonames.org/543018/koz-modem-yansk.html,"56.3419, 46.56353",56.34190,46.56353
380,Yadrin,Ядрин,49,5.00,district town,239,GARE,district town,Yadrin,https://www.geonames.org/469809/yadrin.html,"55.94052, 46.20622",55.94052,46.20622
381,Tsyvilsk,Цывильск,49,6.00,district town,214,GARE,district town,Tsivil’sk,https://www.geonames.org/480851/tsivil-sk.html,"55.86974, 47.47874",55.86974,47.47874
382,Tetiushi,Тетюши,49,7.00,district town,187,GARE,district town,Tetyushi,https://www.geonames.org/483151/tetyushi.html,"54.57112, 46.02559",54.57112,46.02559
383,Spask,Спаск,49,8.00,district town,148,GARE,district town,Bolgar,https://www.geonames.org/570990/bolgar.html,"54.97417, 49.03083",54.97417,49.03083
384,Laishev,Лаишев,49,9.00,district town,136,GARE,district town,Laishevo,https://www.geonames.org/537158/laishevo.html,"55.40464, 49.55037",55.40464,49.55037
385,Chistopole,Чистополье,49,10.00,district town,102,GARE,district town,Chistopol’,https://www.geonames.org/567990/chistopol.html,"55.36311, 50.64244",55.36311,50.64244
386,Mamadysh,Мамадыш,49,11.00,district town,78,GARE,district town,Mamadysh,https://www.geonames.org/529709/mamadysh.html,"55.71525, 51.40797",55.71525,51.40797
387,Tsarevokokshaisk,Царевококшайск,49,12.00,district town,25,GARE,district town,Yoshkar-Ola,https://www.geonames.org/466806/yoshkar-ola.html,"56.63877, 47.89078",56.63877,47.89078
388,Simbirsk,Симбирск,50,1.00,provincial town,7546,GARE,provincial town,Ulyanovsk,https://www.geonames.org/479123/ulyanovsk.html,"54.32824, 48.38657",54.32824,48.38657
389,Singilei,Сингилей,50,2.00,district town,7659,GARE,district town,Sengiley,https://www.geonames.org/497094/sengiley.html,"53.96222, 48.79444",53.96222,48.79444
390,Syzran,Сызран,50,3.00,district town,7682,GARE,district town,Syzran’,https://www.geonames.org/484972/syzran.html,"53.1585, 48.4681",53.15850,48.46810
391,Buinsk,Буинск,50,4.00,district town,7017,GARE,district town,Buinsk,https://www.geonames.org/571155/buinsk.html,"54.97119, 48.29184",54.97119,48.29184
392,Korsun,Корсун,50,5.00,district town,7067,GARE,district town,Karsun,https://www.geonames.org/552133/karsun.html,"54.19941, 46.9827",54.19941,46.98270
393,Alatyr,Алатыр,50,6.00,district town,7528,GARE,district town,Alatyr',https://www.geonames.org/583437/alatyr.html,"54.8421, 46.5813",54.84210,46.58130
394,Kurmysh,Курмыш,50,7.00,district town,7520,GARE,district town,Kurmysh,https://www.geonames.org/538665/kurmysh.html,"55.83336, 46.07337",55.83336,46.07337
395,Ardatov,Ардатов,50,8.00,district town,7600,GARE,district town,Ardatov,https://www.geonames.org/581187/ardatov.html,"54.84767, 46.23878",54.84767,46.23878
396,Saratov,Саратов,51,1.00,provincial town,7759,GARE,provincial town,Saratov,https://www.geonames.org/498677/saratov.html,"51.54056, 46.00861",51.54056,46.00861
397,Khvalynsk,Хвалынск,51,2.00,district town,7694,GARE,district town,Khvalynsk,https://www.geonames.org/548982/khvalynsk.html,"52.4906, 48.1058",52.49060,48.10580
398,Kuznetsk,Кузнецк,51,3.00,district town,7720,GARE,district town,Kuznetsk,https://www.geonames.org/537737/kuznetsk.html,"53.11675, 46.60037",53.11675,46.60037
399,Petrovsk,Петровск,51,4.00,district town,7796,GARE,district town,Petrovsk,https://www.geonames.org/509987/petrovsk.html,"52.30639, 45.39167",52.30639,45.39167
400,Kamyshin,Камышин,51,5.00,district town,7870,GARE,district town,Kamyshin,https://www.geonames.org/553287/kamyshin.html,"50.09833, 45.41601",50.09833,45.41601
401,Serdovsk,Сердовск,51,6.00,district town,7813,GARE,district town,Serdobsk,https://www.geonames.org/496934/serdobsk.html,"52.45861, 44.21689",52.45861,44.21689
402,Balashev,Балашев,51,7.00,district town,7826,GARE,district town,Balashov,https://www.geonames.org/579460/balashov.html,"51.5502, 43.1667",51.55020,43.16670
403,Tsaritsyn,Царицын,51,8.00,district town,7909,GARE,district town,Volgograd,https://www.geonames.org/472757/volgograd.html,"48.71939, 44.50183",48.71939,44.50183
404,Atkarsk,Аткарск,51,9.00,district town,7857,GARE,district town,Atkarsk,https://www.geonames.org/580420/atkarsk.html,"51.87185, 45.00775",51.87185,45.00775
405,Volsk,Вольск,51,10.00,district town,7731,GARE,district town,Vol'sk,https://www.geonames.org/472278/vol-sk.html,"52.04541, 47.37993",52.04541,47.37993
406,Samara,Самара,52,1.00,provincial town,7567,GARE,provincial town,Samara,https://www.geonames.org/499099/samara.html,"53.20007, 50.15",53.20007,50.15000
407,Stavropol,Ставрополь,52,2.00,district town,7557,GARE,district town,Tolyatti,https://www.geonames.org/482283/tolyatti.html,"53.5303, 49.3461",53.53030,49.34610
408,Bugulma,Бугульма,52,3.00,district town,3697,GARE,district town,Bugulma,https://www.geonames.org/571170/bugulma.html,"54.5378, 52.7985",54.53780,52.79850
409,Buguruslan,Бугуруслан,52,4.00,district town,3677,GARE,district town,Buguruslan,https://www.geonames.org/571159/buguruslan.html,"53.6554, 52.442",53.65540,52.44200
410,Buzuluk,Бузулук,52,5.00,district town,3592,GARE,district town,Buzuluk,https://www.geonames.org/570427/buzuluk.html,"52.7807, 52.2635",52.78070,52.26350
411,Nikolaev,Николаев,52,6.00,district town,7738,GARE,village (selo),Pugachev,https://www.geonames.org/504250/pugachev.html,"52.01333, 48.8025",52.01333,48.80250
412,Novyi Uzen,Новый Узен,52,7.00,district town,7774,GARE,district town,Novouzensk,https://www.geonames.org/517739/novouzensk.html,"50.45917, 48.14306",50.45917,48.14306
413,Astrakhan,Астрахан,53,1.00,provincial town,13367,GARE,provincial capital,Astrakhan,https://www.geonames.org/580497/astrakhan.html,"46.34968, 48.04076",46.34968,48.04076
414,Krasnoi Iar,Красной Яр,53,2.00,district town,602,GARE,district town,Krasnyy Yar,https://www.geonames.org/541349/krasnyy-yar.html,"46.53314, 48.34559",46.53314,48.34559
415,Enotaevsk,Енотаевск,53,3.00,district town,608,GARE,district town,Yenotayevka,https://www.geonames.org/467479/yenotayevka.html,"47.24559, 47.02814",47.24559,47.02814
416,Chernoi Iar,Черной Яр,53,4.00,district town,621,GARE,district town,Chyorny Yar,https://www.geonames.org/568464/chyorny-yar.html,"48.06242, 46.10911",48.06242,46.10911
417,Tsarev,Царев,53,5.00,district town,16099,GeoCards,not represented,Leninsk,https://www.geonames.org/536156/leninsk.html,"48.70233, 45.19798",48.70233,45.19798
418,Orel,Орел,54,1.00,provincial town,6213,GARE,provincial town,Orël,https://www.geonames.org/515012/orel.html,"52.96508, 36.07849",52.96508,36.07849
419,Mtsensk,Мценск,54,2.00,district town,6350,GARE,district town,Mtsensk,https://www.geonames.org/524640/mtsensk.html,"53.27657, 36.57334",53.27657,36.57334
420,Bolkhov,Болхов,54,3.00,district town,6337,GARE,district town,Bolkhov,https://www.geonames.org/575364/bolkhov.html,"53.44295, 36.00546",53.44295,36.00546
421,Karachev,Карачев,54,4.00,district town,6326,GARE,district town,Karachev,https://www.geonames.org/552920/karachev.html,"53.12292, 34.98517",53.12292,34.98517
422,Briansk,Брянск,54,5.00,district town,6290,GARE,district town,Bryansk,https://www.geonames.org/571476/bryansk.html,"53.25209, 34.37167",53.25209,34.37167
423,Trubchevsk,Трубчевск,54,6.00,district town,6183,GARE,district town,Trubchevsk,https://www.geonames.org/481350/trubchevsk.html,"52.58041, 33.76563",52.58041,33.76563
424,Sevsk,Севск,54,7.00,district town,6159,GARE,district town,Sevsk,https://www.geonames.org/496246/sevsk.html,"52.1491, 34.4926",52.14910,34.49260
425,Dmitrovsk,Дмитровск,54,8.00,district town,6196,GARE,district town,Dmitrovsk-Orlovskiy,https://www.geonames.org/565908/dmitrovsk-orlovskiy.html,"52.505, 35.1464",52.50500,35.14640
426,Kromy,Кромы,54,9.00,district town,6204,GARE,district town,Kromy,https://www.geonames.org/540776/kromy.html,"52.68762, 35.76665",52.68762,35.76665
427,Maloarkhangelsk,Малоархангельск,54,10.00,district town,6226,GARE,district town,Maloarkhangel’sk,https://www.geonames.org/530966/maloarkhangel-sk.html,"52.40024, 36.50332",52.40024,36.50332
428,Livny,Ливны,54,11.00,district town,6270,GARE,district town,Livny,https://www.geonames.org/534701/livny.html,"52.42534, 37.60689",52.42534,37.60689
429,Elets,Елец,54,12.00,district town,6249,GARE,district town,Yelets,https://www.geonames.org/467978/yelets.html,"52.62366, 38.50169",52.62366,38.50169
430,Kaluga,Калуга,55,1.00,provincial town,2483,GARE,provincial town,Kaluga,https://www.geonames.org/553915/kaluga.html,"54.5293, 36.27542",54.52930,36.27542
431,Peremyshl,Перемышль,55,2.00,district town,2480,GARE,district town,Peremyshl’,https://www.geonames.org/511400/peremyshl.html,"54.26313, 36.16063",54.26313,36.16063
432,Likhvin,Лихвин,55,3.00,district town,2589,GARE,district town,Chekalin,https://www.geonames.org/569615/chekalin.html,"54.09685, 36.24499",54.09685,36.24499
433,Tarusa,Таруса,55,4.00,district town,2652,GARE,district town,Tarusa,https://www.geonames.org/484287/tarusa.html,"54.72436, 37.17272",54.72436,37.17272
434,Borovsk,Боровск,55,5.00,district town,2702,GARE,district town,Borovsk,https://www.geonames.org/572070/borovsk.html,"55.20639, 36.48611",55.20639,36.48611
435,Maloiaroslavets,Малоярославец,55,6.00,district town,2694,GARE,district town,Maloyaroslavets,https://www.geonames.org/530849/maloyaroslavets.html,"55.01457, 36.47185",55.01457,36.47185
436,Medynsk,Медынск,55,7.00,district town,2664,GARE,district town,Medyn',https://www.geonames.org/527869/medyn.html,"54.96917, 35.85861",54.96917,35.85861
437,Masalsk,Масальск,55,8.00,district town,2601,GARE,district town,Mosal'sk,https://www.geonames.org/525084/mosal-sk.html,"54.48806, 34.98167",54.48806,34.98167
438,Meshchovsk,Мещовск,55,9.00,district town,2637,GARE,district town,Meshchovsk,https://www.geonames.org/527405/meshchovsk.html,"54.32444, 35.28083",54.32444,35.28083
439,Kozelsk,Козельск,55,10.00,district town,2570,GARE,district town,Kozel'sk,https://www.geonames.org/543348/kozel-sk.html,"54.03746, 35.77159",54.03746,35.77159
440,Zhizdra,Жиздра,55,11.00,district town,2533,GARE,district town,Zhizdra,https://www.geonames.org/462914/zhizdra.html,"53.74596, 34.73951",53.74596,34.73951
441,Tula,Тула,56,1.00,provincial town,8948,GARE,provincial town,Tula,https://www.geonames.org/480562/tula.html,"54.19609, 37.61822",54.19609,37.61822
442,Aleksin,Алексин,56,2.00,district town,8987,GARE,district town,Aleksin,https://www.geonames.org/582750/aleksin.html,"54.50503, 37.0674",54.50503,37.06740
443,Kashira,Кашира,56,3.00,district town,9005,GARE,district town,Kashira,https://www.geonames.org/551964/kashira.html,"54.84444, 38.16694",54.84444,38.16694
444,Venev,Венев,56,4.00,district town,8966,GARE,district town,Venëv,https://www.geonames.org/475881/venev.html,"54.35533, 38.26843",54.35533,38.26843
445,Epifan,Епифань,56,5.00,district town,9117,GARE,district town,Epifan,https://www.geonames.org/467464/yepifan.html,"53.82526, 38.55181",53.82526,38.55181
446,Bogoroditsk,Богородицк,56,6.00,district town,8941,GARE,district town,Bogoroditsk,https://www.geonames.org/575591/bogoroditsk.html,"53.77166, 38.12408",53.77166,38.12408
447,Efremov,Ефремов,56,7.00,district town,9049,GARE,district town,Yefremov,https://www.geonames.org/468390/yefremov.html,"53.14806, 38.09924",53.14806,38.09924
448,Novosil,Новосиль,56,8.00,district town,9031,GARE,district town,Novosil',https://www.geonames.org/517947/novosil.html,"52.97387, 37.04048",52.97387,37.04048
449,Chern,Чернь,56,9.00,district town,9075,GARE,district town,Chern',https://www.geonames.org/569116/chern.html,"53.45232, 36.9145",53.45232,36.91450
450,Belev,Белев,56,10.00,district town,9096,GARE,district town,Belëv,https://www.geonames.org/578091/belev.html,"53.81194, 36.13194",53.81194,36.13194
451,Odoev,Одоев,56,11.00,district town,8910,GARE,district town,Odoev,https://www.geonames.org/516197/odoyev.html,"53.93933, 36.68639",53.93933,36.68639
452,Krapivna,Крапивна,56,12.00,district town,8933,GARE,district town,Krapivna,https://www.geonames.org/542942/krapivna.html,"53.94235, 37.15744",53.94235,37.15744
453,Moscow,Москва,57,1.00,provincial town,4588,GARE,provincial town,Moscow,https://www.geonames.org/524901/moscow.html,"55.75222, 37.61556",55.75222,37.61556
454,Bronnitsy,Бронницы,57,2.00,district town,4645,GARE,district town,Bronnitsy,https://www.geonames.org/571557/bronnitsy.html,"55.42112, 38.26188",55.42112,38.26188
455,Kolomna,Коломна,57,3.00,district town,4706,GARE,district town,Kolomna,https://www.geonames.org/546230/kolomna.html,"55.07944, 38.77833",55.07944,38.77833
456,Serpukhov,Серпухов,57,4.00,district town,4666,GARE,district town,Serpukhov,https://www.geonames.org/496527/serpukhov.html,"54.91578, 37.41114",54.91578,37.41114
457,Podolsk,Подольск,57,5.00,district town,4673,GARE,district town,Podolsk,https://www.geonames.org/508101/podolsk.html,"55.42419, 37.55472",55.42419,37.55472
458,Vereia,Верея,57,6.00,district town,4702,GARE,district town,Vereya,https://www.geonames.org/475701/vereya.html,"55.34472, 36.17194",55.34472,36.17194
459,Mozhaisk,Можайск,57,7.00,district town,4759,GARE,district town,Mozhaysk,https://www.geonames.org/524712/mozhaysk.html,"55.50194, 36.02722",55.50194,36.02722
460,Ruza,Руза,57,8.00,district town,4749,GARE,district town,Ruza,https://www.geonames.org/500303/ruza.html,"55.69898, 36.19522",55.69898,36.19522
461,Zvenigorod,Звенигород,57,9.00,district town,4733,GARE,district town,Zvenigorod,https://www.geonames.org/461920/zvenigorod.html,"55.73401, 36.85918",55.73401,36.85918
462,Bogorodsk,Богородск,57,10.00,district town,4610,GARE,district town,Bogorodsk,https://www.geonames.org/575561/bogorodsk.html,"55.85, 38.45",55.85000,38.45000
463,Volokolamsk,Волоколамск,57,11.00,district town,4783,GARE,district town,Volokolamsk,https://www.geonames.org/472433/volokolamsk.html,"56.03361, 35.96944",56.03361,35.96944
464,Klin,Клин,57,12.00,district town,4808,GARE,district town,Klin,https://www.geonames.org/547523/klin.html,"56.33333, 36.73333",56.33333,36.73333
465,Dmitrov,Дмитров,57,13.00,district town,4838,GARE,district town,Dmitrov,https://www.geonames.org/565955/dmitrov.html,"56.34485, 37.52041",56.34485,37.52041
466,Riazan,Рязань,58,1.00,provincial town,9305,GARE,provincial town,Ryazan,https://www.geonames.org/500096/ryazan.html,"54.6269, 39.6916",54.62690,39.69160
467,Spask,Спаск,58,2.00,district town,9269,GARE,district town,Spassk-Ryazanskiy,https://www.geonames.org/489741/spassk-ryazanskiy.html,"54.404, 40.3762",54.40400,40.37620
468,Kasimov,Касимов,58,3.00,district town,9362,GARE,district town,Kasimov,https://www.geonames.org/551891/kasimov.html,"54.94111, 41.39528",54.94111,41.39528
469,Egorevsk,Егорьевск,58,4.00,district town,9342,GARE,district town,Egorevsk,https://www.geonames.org/468250/yegor-yevsk.html,"55.38283, 39.03233",55.38283,39.03233
470,Zaraisk,Зарайск,58,5.00,district town,9294,GARE,district town,Zaraisk,https://www.geonames.org/464687/zaraysk.html,"54.7605, 38.87841",54.76050,38.87841
471,Sapozhok,Сапожок,58,6.00,district town,9211,GARE,district town,Sapozhok,https://www.geonames.org/498760/sapozhok.html,"53.94194, 40.68056",53.94194,40.68056
472,Mikhailov,Михайлов,58,7.00,district town,9241,GARE,district town,Mikhaylov,https://www.geonames.org/527034/mikhaylov.html,"54.2298, 39.0269",54.22980,39.02690
473,Pronsk,Пронск,58,8.00,district town,9260,GARE,district town,Pronsk,https://www.geonames.org/504717/pronsk.html,"54.1048, 39.6092",54.10480,39.60920
474,Skopin,Скопин,58,9.00,district town,9172,GARE,district town,Skopin,https://www.geonames.org/492376/skopin.html,"53.82486, 39.55053",53.82486,39.55053
475,Riazhsk,Ряжск,58,10.00,district town,9190,GARE,district town,Ryazhsk,https://www.geonames.org/500047/ryazhsk.html,"53.7038, 40.1109",53.70380,40.11090
476,Oranienburg,Ораниенбург,58,11.00,district town,9153,GARE,district town,Oranienburg,https://www.geonames.org/569934/chaplygin.html,"53.24319, 39.96288",53.24319,39.96288
477,Dankov,Данков,58,12.00,district town,9138,GARE,district town,Dankov,https://www.geonames.org/567109/dankov.html,"53.25155, 39.15553",53.25155,39.15553
478,Tambov,Тамбов,59,1.00,provincial town,8716,GARE,provincial town,Tambov,https://www.geonames.org/484646/tambov.html,"52.73169, 41.44326",52.73169,41.44326
479,Morshansk,Моршанск,59,2.00,district town,8827,GARE,district town,Morshansk,https://www.geonames.org/525138/morshansk.html,"53.44354, 41.81065",53.44354,41.81065
480,Shchatsk,Щацк,59,3.00,district town,8845,GARE,district town,Shatsk,https://www.geonames.org/495532/shatsk.html,"54.02576, 41.71191",54.02576,41.71191
481,Elatma,Елатьма,59,4.00,district town,8884,GARE,district town,Yelat'ma,https://www.geonames.org/468030/yelat-ma.html,"54.9675, 41.75083",54.96750,41.75083
482,Temnikov,Темников,59,5.00,district town,8901,GARE,district town,Temnikov,https://www.geonames.org/483684/temnikov.html,"54.63023, 43.21483",54.63023,43.21483
483,Spask,Спаск,59,6.00,district town,8865,GARE,district town,Spassk,https://www.geonames.org/578369/spassk.html,"53.92559, 43.18394",53.92559,43.18394
484,Kirsanov,Кирсанов,59,7.00,district town,8756,GARE,district town,Kirsanov,https://www.geonames.org/548330/kirsanov.html,"52.65494, 42.72236",52.65494,42.72236
485,Borisoglebsk,Борисоглебск,59,8.00,district town,8688,GARE,district town,Borisoglebsk,https://www.geonames.org/572525/borisoglebsk.html,"51.36713, 42.08494",51.36713,42.08494
486,Usman,Усмань,59,9.00,district town,8703,GARE,district town,Usman,https://www.geonames.org/478317/usman.html,"52.04662, 39.7288",52.04662,39.72880
487,Lipetsk,Липецк,59,10.00,district town,8775,GARE,district town,Lipetsk,https://www.geonames.org/535121/lipetsk.html,"52.60311, 39.57076",52.60311,39.57076
488,Kozlov,Козлов,59,11.00,district town,8804,GARE,district town,Michurinsk,https://www.geonames.org/527191/michurinsk.html,"52.8978, 40.4907",52.89780,40.49070
489,Lebedian,Лебедян,59,12.00,district town,8785,GARE,district town,Lebedian,https://www.geonames.org/536518/lebedyan.html,"53.01942, 39.16639",53.01942,39.16639
490,Vladimir,Владимир,60,1.00,provincial town,8230,GARE,provincial town,Vladimir,https://www.geonames.org/473247/vladimir.html,"56.13655, 40.39658",56.13655,40.39658
491,Kovrov,Ковров,60,2.00,district town,8148,GARE,district town,Kovrov,https://www.geonames.org/543460/kovrov.html,"56.35722, 41.31917",56.35722,41.31917
492,Viazniki,Вязники,60,3.00,district town,8160,GARE,district town,Viazniki,https://www.geonames.org/470666/vyazniki.html,"56.24057, 42.15563",56.24057,42.15563
493,Gorokhovets,Гороховец,60,4.00,district town,8180,GARE,district town,Gorokhovets,https://www.geonames.org/559459/gorokhovets.html,"56.20152, 42.69351",56.20152,42.69351
494,Murom,Муром,60,5.00,district town,8217,GARE,district town,Murom,https://www.geonames.org/524294/murom.html,"55.575, 42.0426",55.57500,42.04260
495,Shuia,Шуя,60,6.00,district town,8129,GARE,district town,Shuia,https://www.geonames.org/493231/shuya.html,"56.84865, 41.38833",56.84865,41.38833
496,Suzdal,Суздаль,60,7.00,district town,8116,GARE,district town,Suzdal,https://www.geonames.org/485824/suzdal.html,"56.42274, 40.44668",56.42274,40.44668
497,Pereslavl Zalesskoi,Переславль Залесской,60,8.00,district town,8074,GARE,district town,Pereslavl Zalesskoi,https://www.geonames.org/511359/pereslavl-zalesskiy.html,"56.73934, 38.85626",56.73934,38.85626
498,Yurev Polskii,Юрьев Польский,60,9.00,district town,4433,GARE,registered town,Yurev Polskii,https://www.geonames.org/466215/yur-yev-pol-skiy.html,"56.50339, 39.67911",56.50339,39.67911
499,Aleksandrov,Александров,60,10.00,district town,8051,GARE,district town,Aleksandrov,https://www.geonames.org/583350/aleksandrov.html,"56.39516, 38.71216",56.39516,38.71216
500,Pokrov,Покров,60,11.00,district town,8197,GARE,district town,Pokrov,https://www.geonames.org/507599/pokrov.html,"55.91797, 39.17242",55.91797,39.17242
501,Sudogda,Судогда,60,12.00,district town,8251,GARE,district town,Sudogda,https://www.geonames.org/486834/sudogda.html,"55.95394, 40.86291",55.95394,40.86291
502,Melenki,Меленьки,60,13.00,district town,8289,GARE,district town,Melenki,https://www.geonames.org/527740/melenki.html,"55.3343, 41.6295",55.33430,41.62950
503,Penza,Пенза,61,1.00,provincial town,5710,GARE,provincial town,Penza,https://www.geonames.org/511565/penza.html,"53.20066, 45.00464",53.20066,45.00464
504,Gorodishch,Городищ,61,2.00,district town,5742,GARE,district town,Gorodishche,https://www.geonames.org/559643/gorodishche.html,"53.2775, 45.7017",53.27750,45.70170
505,Mokshansk,Мокшанск,61,3.00,district town,5825,GARE,district town,Mokshan,https://www.geonames.org/525659/mokshan.html,"53.4365, 44.61322",53.43650,44.61322
506,Insara,Инсара,61,4.00,district town,5882,GARE,district town,Insara,https://www.geonames.org/556318/insar.html,"53.86531, 44.37382",53.86531,44.37382
507,Saransk,Саранск,61,5.00,district town,5899,GARE,district town,Saransk,https://www.geonames.org/498698/saransk.html,"54.1838, 45.1749",54.18380,45.17490
508,Krasnoslobodsk,Краснослободск,61,6.00,district town,5919,GARE,district town,Krasnoslobodsk,https://www.geonames.org/542212/krasnoslobodsk.html,"54.4253, 43.78963",54.42530,43.78963
509,Novorchat,Новорчат,61,7.00,district town,5856,GARE,district town,Narovchat,https://www.geonames.org/523415/narovchat.html,"53.87654, 43.69458",53.87654,43.69458
510,Kerensk,Керенск,61,8.00,district town,5774,GARE,district town,Vadinsk,https://www.geonames.org/477418/vadinsk.html,"53.69157, 43.05744",53.69157,43.05744
511,Nizhnii Lamov,Нижний Ламов,61,9.00,district town,5812,GARE,district town,Nizhniy Lomov,https://www.geonames.org/520574/nizhniy-lomov.html,"53.53041, 43.67663",53.53041,43.67663
512,Chembar,Чембар,61,10.00,district town,5705,GARE,district town,Belinsky,https://www.geonames.org/578045/belinskiy.html,"52.96474, 43.41647",52.96474,43.41647
513,Viatka,Вятка,62,1.00,provincial town,11779,GARE,provincial town,Kirov,https://www.geonames.org/548408/kirov.html,"58.59665, 49.66007",58.59665,49.66007
514,Slobodskoi,Слободской,62,2.00,district town,11736,GARE,district town,Slobodskoi,https://www.geonames.org/491882/slobodskoy.html,"58.73222, 50.17722",58.73222,50.17722
515,Orlov,Орлов,62,3.00,district town,11800,GARE,district town,Orlov,https://www.geonames.org/550785/orlov.html,"58.53946, 48.89173",58.53946,48.89173
516,Kotelnich,Котельничь,62,4.00,district town,11832,GARE,district town,Kotelnich,https://www.geonames.org/543737/kotel-nich.html,"58.3089, 48.348",58.30890,48.34800
517,Nolinsk,Нолинск,62,5.00,district town,11881,GARE,district town,Nolinsk,https://www.geonames.org/520041/nolinsk.html,"57.55962, 49.93629",57.55962,49.93629
518,Yaransk,Яранск,62,6.00,district town,11862,GARE,district town,Yaransk,https://www.geonames.org/469005/yaransk.html,"57.30331, 47.88611",57.30331,47.88611
519,Urzhum,Уржум,62,7.00,district town,12029,GARE,district town,Urzhum,https://www.geonames.org/478532/urzhum.html,"57.11412, 49.99956",57.11412,49.99956
520,Malmyzh,Малмыж,62,8.00,district town,12039,GARE,district town,Malmyzh,https://www.geonames.org/530972/malmyzh.html,"56.5205, 50.6818",56.52050,50.68180
521,Elabuga,Елабуга,62,9.00,district town,11969,GARE,district town,Yelabuga,https://www.geonames.org/468082/yelabuga.html,"55.76127, 52.06493",55.76127,52.06493
522,Sarapul,Сарапул,62,10.00,district town,11942,GARE,district town,Sarapul,https://www.geonames.org/498687/sarapul.html,"56.47633, 53.79782",56.47633,53.79782
523,Glazov,Глазов,62,11.00,district town,11899,GARE,district town,Glazov,https://www.geonames.org/561347/glazov.html,"58.1393, 52.658",58.13930,52.65800
524,Perm,Пермь,63,1.00,provincial town,4103,GARE,provincial town,Perm,https://www.geonames.org/511196/perm.html,"58.01046, 56.25017",58.01046,56.25017
525,Solikamsk,Соликамск,63,2.00,district town,3977,GARE,district town,Solikamsk,https://www.geonames.org/491023/solikamsk.html,"59.6316, 56.7685",59.63160,56.76850
526,Cherdyn,Чердынь,63,3.00,district town,4125,GARE,district town,Cherdyn,https://www.geonames.org/569359/cherdyn.html,"60.40295, 56.47868",60.40295,56.47868
527,Okhansk,Оханск,63,4.00,district town,3911,GARE,district town,Okhansk,https://www.geonames.org/516073/okhansk.html,"57.7203, 55.3882",57.72030,55.38820
528,Osa,Оса,63,5.00,district town,3893,GARE,district town,Osa,https://www.geonames.org/514706/osa.html,"57.283, 55.4589",57.28300,55.45890
529,Shadrinsk,Шадринск,63,6.00,district town,3827,GARE,district town,Shadrinsk,https://www.geonames.org/1492517/shadrinsk.html,"56.0852, 63.6335",56.08520,63.63350
530,Kungur,Кунгурь,63,7.00,district town,3943,GARE,district town,Kungur,https://www.geonames.org/539147/kungur.html,"57.4368, 56.9593",57.43680,56.95930
531,Krasnoufimsk,Красноуфимск,63,8.00,district town,3876,GARE,district town,Krasnoufimsk,https://www.geonames.org/542199/krasnoufimsk.html,"56.60585, 57.76686",56.60585,57.76686
532,Ekaterinburg,Екатеринбург,63,9.00,district town,4038,GARE,district town,Yekaterinburg,https://www.geonames.org/1486209/yekaterinburg.html,"56.8519, 60.6122",56.85190,60.61220
533,Kamyshlov,Камышлов,63,10.00,district town,4023,GARE,district town,Kamyshlov,https://www.geonames.org/1504769/kamyshlov.html,"56.84278, 62.71111",56.84278,62.71111
534,Irbit,Ирбит,63,11.00,district town,4028,GARE,district town,Irbit,https://www.geonames.org/1505526/irbit.html,"57.67052, 63.071",57.67052,63.07100
535,Verkhoture,Верьхотурье,63,12.00,district town,3993,GARE,district town,Verkhotur’ye,https://www.geonames.org/1487219/verkhotur-ye.html,"58.86271, 60.80536",58.86271,60.80536
536,Ufa,Уфа,64,1.00,provincial town,3712,GARE,provincial town,Ufa,https://www.geonames.org/479561/ufa.html,"54.74306, 55.96779",54.74306,55.96779
537,Birsk,Бирск,64,2.00,district town,3743,GARE,district town,Birsk,https://www.geonames.org/576317/birsk.html,"55.42111, 55.54278",55.42111,55.54278
538,Menzelinsk,Мензелинск,64,3.00,district town,3809,GARE,district town,Menzelinsk,https://www.geonames.org/527529/menzelinsk.html,"55.72706, 53.10258",55.72706,53.10258
539,Belebei,Белебей,64,4.00,district town,3640,GARE,registered town,Belebei,https://www.geonames.org/578120/belebey.html,"54.11667, 54.11667",54.11667,54.11667
540,Orenburg,Оренбург,64,5.00,district town,3020,GARE,district town,Orenburg,https://www.geonames.org/515003/orenburg.html,"51.7727, 55.0988",51.77270,55.09880
541,Sterlitamak,Стерлитамак,64,6.00,district town,3656,GARE,district town,Sterlitamak,https://www.geonames.org/487495/sterlitamak.html,"53.62462, 55.95015",53.62462,55.95015
542,Troitsk,Троицк,64,7.00,district town,3760,GARE,district town,Troitsk,https://www.geonames.org/1489246/troitsk.html,"54.0979, 61.5773",54.09790,61.57730
543,Cheliabinsk,Челябинск,64,8.00,district town,3793,GARE,district town,Cheliabinsk,https://www.geonames.org/1508291/chelyabinsk.html,"55.15402, 61.42915",55.15402,61.42915
544,Verkhuralsk,Верхуральск,64,9.00,district town,3602,GARE,district town,Verkhuralsk,https://www.geonames.org/475463/verkhneural-sk.html,"53.87694, 59.21056",53.87694,59.21056
545,Vologda,Вологда,65,1.00,provincial town,11128,GARE,provincial town,Vologda,https://www.geonames.org/472459/vologda.html,"59.2239, 39.88398",59.22390,39.88398
546,Kadnikov,Кадников,65,2.00,district town,11099,GARE,district town,Kadnikov,https://www.geonames.org/554554/kadnikov.html,"59.50218, 40.33803",59.50218,40.33803
547,Totma,Тотьма,65,3.00,district town,11578,GARE,district town,Totma,https://www.geonames.org/481960/tot-ma.html,"59.97375, 42.76487",59.97375,42.76487
548,Velikii Ustiug,Великий Устюг,65,4.00,district town,11649,GARE,district town,Velikii Ustiug,https://www.geonames.org/476062/velikiy-ustyug.html,"60.76186, 46.31352",60.76186,46.31352
549,Nikol'sk,Никольск,65,5.00,district town,11049,GARE,district town,Nikol'sk,https://www.geonames.org/521773/nikol-sk.html,"59.53531, 45.45743",59.53531,45.45743
550,Solvychegodsk,Сольвычегодск,65,6.00,district town,11664,GARE,district town,Sol'vychegodsk,https://www.geonames.org/490743/sol-vychegodsk.html,"61.33046, 46.91559",61.33046,46.91559
551,Yarensk,Яренск,65,7.00,district town,11707,GARE,district town,Yarensk,https://www.geonames.org/468983/yarensk.html,"62.16755, 49.09162",62.16755,49.09162
552,Ust Sysolsk,Усть Сысольск,65,8.00,district town,11531,GARE,district town,Syktyvkar,https://www.geonames.org/485239/syktyvkar.html,"61.664, 50.815",61.66400,50.81500
553,Velsk,Вельск,65,9.00,district town,11606,GARE,district town,Vel'sk,https://www.geonames.org/475938/vel-sk.html,"61.07006, 42.0983",61.07006,42.09830
554,Griazovets,Грязовец,65,10.00,district town,11102,GARE,registered town,Griazovets,https://www.geonames.org/558236/gryazovets.html,"58.88, 40.2525",58.88000,40.25250
555,Arkhangelsk,Архангельск,66,1.00,provincial town,1105,GARE,provincial capital,Arkhangel'sk,https://www.geonames.org/581049/arkhangel-sk.html,"64.5401, 40.5433",64.54010,40.54330
556,Kholmogory,Холмогоры,66,2.00,district town,1142,GARE,district town,Kholmogory,https://www.geonames.org/549748/kholmogory.html,"64.22814, 41.65109",64.22814,41.65109
557,Pinega,Пинега,66,3.00,district town,1078,GARE,district town,Pinega,https://www.geonames.org/509483/pinega.html,"64.69969, 43.39016",64.69969,43.39016
558,Shenkursk,Шенкурск,66,4.00,district town,1095,GARE,district town,Shenkursk,https://www.geonames.org/494884/shenkursk.html,"62.1091, 42.89595",62.10910,42.89595
559,Mezen,Мезень,66,5.00,district town,1039,GARE,district town,Mezen,https://www.geonames.org/527321/mezen.html,"65.8401, 44.2542",65.84010,44.25420
560,Onega,Онега,66,6.00,district town,1123,GARE,district town,Onega,https://www.geonames.org/515246/onega.html,"63.9057, 38.09944",63.90570,38.09944
561,Kem,Кемь,66,7.00,district town,1166,GARE,district town,Kem',https://www.geonames.org/551145/kem.html,"64.95546, 34.57929",64.95546,34.57929
562,Kola,Кола,66,8.00,district town,1209,GARE,district town,Kola,https://www.geonames.org/546554/kola.html,"68.88062, 33.01842",68.88062,33.01842
563,Tobolsk,Тобольск,67,1.00,provincial town,11424,GARE,provincial town,Tobolsk,https://www.geonames.org/1489530/tobolsk.html,"58.19807, 68.25457",58.19807,68.25457
564,Tara,Тара,67,2.00,district town,11461,GARE,district town,Tara,https://www.geonames.org/1490140/tara.html,"56.89436, 74.37096",56.89436,74.37096
565,Omsk,Омск,67,3.00,district town,7415,GARE,provincial town,Omsk,https://www.geonames.org/1496153/omsk.html,"54.99244, 73.36859",54.99244,73.36859
566,Kurgan,Курган,67,4.00,district town,11357,GARE,district town,Kurgan,https://www.geonames.org/1501321/kurgan.html,"55.45, 65.33333",55.45000,65.33333
567,Yalutorovsk,Ялуторовск,67,5.00,district town,11353,GARE,district town,Yalutorovsk,https://www.geonames.org/1486468/yalutorovsk.html,"56.65358, 66.30057",56.65358,66.30057
568,Tiumen,Тюмень,67,6.00,district town,11329,GARE,district town,Tiumen,https://www.geonames.org/1488754/tyumen.html,"57.15222, 65.52722",57.15222,65.52722
569,Turinsk,Туринск,67,7.00,district town,11313,GARE,district town,Turinsk,https://www.geonames.org/1488933/turinsk.html,"58.04575, 63.69605",58.04575,63.69605
570,Berezov,Березов,67,8.00,district town,11254,GARE,district town,Berëzovo,https://www.geonames.org/1510214/berezovo.html,"63.93806, 65.04194",63.93806,65.04194
571,Tomsk,Томск,68,1.00,provincial town,10932,GARE,provincial town,Tomsk,https://www.geonames.org/1489425/tomsk.html,"56.49771, 84.97437",56.49771,84.97437
572,Kuznetsk,Кузнецк,68,2.00,district town,11147,GARE,district town,Novokuznetsk,https://www.geonames.org/1496990/novokuznetsk.html,"53.7557, 87.1099",53.75570,87.10990
573,Barnaul,Барнаул,68,3.00,district town,11177,GARE,district town,Barnaul,https://www.geonames.org/1510853/barnaul.html,"53.36056, 83.76361",53.36056,83.76361
574,Kolyvan,Колыван,68,4.00,district town,10986,GARE,district town,Kolyvan,https://www.geonames.org/1502822/kolyvan.html,"55.3053, 82.7391",55.30530,82.73910
575,Kainsk,Каинск,68,5.00,district town,11230,GARE,district town,Kainsk,https://www.geonames.org/1501141/kuybyshev.html,"55.44753, 78.32181",55.44753,78.32181
576,Biisk,Бийск,68,6.00,district town,11211,GARE,district town,Biisk,https://www.geonames.org/1510018/biysk.html,"52.53639, 85.20722",52.53639,85.20722
577,Krasnoiarsk,Красноярск,69,1.00,provincial town,13277,GARE,provincial town,Krasnoiarsk,https://www.geonames.org/1502026/krasnoyarsk.html,"56.01839, 92.86717",56.01839,92.86717
578,Yeniseysk,Енисейск,69,2.00,district town,13190,GARE,district town,Yeniseysk,https://www.geonames.org/1485997/yeniseysk.html,"58.44937, 92.17968",58.44937,92.17968
579,Kansk,Канск,69,3.00,district town,13265,GARE,district town,Kansk,https://www.geonames.org/1504682/kansk.html,"56.20167, 95.7175",56.20167,95.71750
580,Minusinsk,Минусинск,69,4.00,district town,13301,GARE,district town,Minusinsk,https://www.geonames.org/1498693/minusinsk.html,"53.71028, 91.6875",53.71028,91.68750
581,Achinsk,Ачинск,69,5.00,district town,13291,GARE,district town,Achinsk,https://www.geonames.org/1512165/achinsk.html,"56.2694, 90.4993",56.26940,90.49930
582,Turukhansk,Туруханск,69,6.00,district town,13229,GARE,registered town,Turukhansk,https://www.geonames.org/1488903/turukhansk.html,"65.79479, 87.95006",65.79479,87.95006
583,Irkutsk,Иркутск,70,1.00,provincial town,3352,GARE,provincial town,Irkutsk,https://www.geonames.org/2023469/irkutsk.html,"52.29778, 104.29639",52.29778,104.29639
584,Kirensk,Киренск,70,2.00,district town,3446,GARE,district town,Kirensk,https://www.geonames.org/2022083/kirensk.html,"57.78528, 108.11194",57.78528,108.11194
585,Kiakhta,Кяхта,70,3.00,district town,13359,GARE,minor town,Kiakhta,https://www.geonames.org/2021066/kyakhta.html,"50.35737, 106.45033",50.35737,106.45033
586,Yakutsk,Якутск,71,1.00,provincial town,13097,GARE,provincial town,Yakutsk,https://www.geonames.org/2013159/yakutsk.html,"62.03389, 129.73306",62.03389,129.73306
587,Olekminsk,Олекминск,71,2.00,district town,13164,GARE,district town,Olyokminsk,https://www.geonames.org/2018571/olyokminsk.html,"60.3743, 120.4203",60.37430,120.42030
588,Vilyujsk,Вилюйск,71,3.00,district town,13144,GARE,registered town,Verkhnevilyuysk,https://www.geonames.org/2013639/verkhnevilyuysk.html,"63.44578, 120.30739",63.44578,120.30739
589,Verkhnoyansk,Верхноянск,71,4.00,district town,13132,GARE,registered town,Verkhnoyansk,https://www.geonames.org/2013465/verkhoyansk.html,"67.55387, 133.38976",67.55387,133.38976
590,Kolymsk,Колымск,71,5.00,district town,13128,GARE,registered town,Srednekolymsk,https://www.geonames.org/2121025/srednekolymsk.html,"67.45659, 153.70246",67.45659,153.70246
591,Okhotsk,Охотск,71,6.00,district town,13078,GARE,provincial town,Okhotsk,https://www.geonames.org/2122605/okhotsk.html,"59.362, 143.21468",59.36200,143.21468
592,Nizhnekamchatsk,Нижнекамчатск,73,1.00,provincial town,3190,GARE,provincial capital,Nizhnekamchatsk,https://www.geonames.org/2122823/nizhnekamchatsk.html,"56.35, 162.2",56.35000,162.20000
593,Tiflis,Тифлис,76,1.00,provincial town,394,GARE,large fortified town,Tiflis,https://www.geonames.org/611717/tbilisi.html,"41.69411, 44.83368",41.69411,44.83368
594,Gori,Гори,76,2.00,district town,395,GARE,small fortified town,Gori,https://www.geonames.org/614455/gori.html,"41.98422, 44.11578",41.98422,44.11578
595,Telav,Телав,76,3.00,district town,407,GARE,small unfortified town,Telavi,https://www.geonames.org/611694/telavi.html,"41.91978, 45.47315",41.91978,45.47315
596,Signag,Сигнаг,76,4.00,district town,553,GARE,small unfortified town,Sighnaghi,https://www.geonames.org/611902/sighnaghi.html,"41.62046, 45.92198",41.62046,45.92198
597,Elisavetpol',Елисаветполь,76,5.00,district town,429,GARE,small unfortified town,Ganja,https://www.geonames.org/586523/ganja.html,"40.68278, 46.36056",40.68278,46.36056
598,Kutais,Кутаис,77,1.00,provincial town,529,GARE,large unfortified town,Kutais,https://www.geonames.org/613607/kutaisi.html,"42.26791, 42.69459",42.26791,42.69459
599,Ozurgeti,Озургеты,77,2.00,district town,521,GARE,village (derevnia),Ozurgeti,https://www.geonames.org/612536/ozurgeti.html,"41.92442, 42.00682",41.92442,42.00682
600,Akhaltsykh,Ахалцых,77,3.00,district town,16101,GeoCards,not represented,Akhaltsikhe,https://www.geonames.org/615860/akhaltsikhe.html,"41.63901, 42.98262",41.63901,42.98262
601,Sakary,Сакары,77,4.00,district town,16104,GeoCards,not represented,Sakary,,,,
602,Oni,Они,77,5.00,district town,16105,GeoCards,not represented,Oni,https://www.geonames.org/612592/oni.html,"42.57944, 43.4425",42.57944,43.44250
603,Erevan,Ериван,78,1.00,provincial town,16098,GeoCards,not represented,Yerevan,https://www.geonames.org/616052/yerevan.html,"40.18111, 44.51361",40.18111,44.51361
604,Aleksandropol,Александрополь,78,2.00,district town,16095,GeoCards,not represented,Gyumri,https://www.geonames.org/616635/gyumri.html,"40.7942, 43.84528",40.79420,43.84528
605,Nakhichevan,Нахичеван,78,3.00,district town,16097,GeoCards,not represented,Nakhichevan,https://www.geonames.org/147429/nakhchivan.html,"39.20889, 45.41222",39.20889,45.41222
606,Ordubad,Ордубад,78,4.00,district town,16096,GeoCards,not represented,Ordubad,https://www.geonames.org/147368/ordubad.html,"38.90961, 46.02274",38.90961,46.02274
607,Novii Bayazet,Новий Баязет,78,5.00,district town,16106,GeoCards,not represented,Gavar,https://www.geonames.org/616599/gavar.html,"40.35398, 45.12386",40.35398,45.12386
608,Shemakha,Шамаха,79,1.00,provincial town,461,GARE,small unfortified town,Shamakhi,https://www.geonames.org/585156/shamakhi.html,"40.63141, 48.64137",40.63141,48.64137
609,Baku,Баку,79,2.00,district town,478,GARE,small fortified town,Baku,https://www.geonames.org/587084/baku.html,"40.37767, 49.89201",40.37767,49.89201
610,Lenkoran,Ленкоран,79,3.00,district town,446,GARE,fortress,Lankaran,https://www.geonames.org/147622/lankaran.html,"38.75428, 48.85062",38.75428,48.85062
611,Shusha,Шуша,79,4.00,district town,432,GARE,small fortified town,Şuşa,https://www.geonames.org/147105/susa.html,"39.76006, 46.74989",39.76006,46.74989
612,Nukha,Нуха,79,5.00,district town,587,GARE,redoubt,Sheki,https://www.geonames.org/585170/sheki.html,"41.19194, 47.17056",41.19194,47.17056
613,Derbent,Дербент,80,1.00,provincial town,480,GARE,small fortified town,Derbent,https://www.geonames.org/566532/derbent.html,"42.06779, 48.28987",42.06779,48.28987
614,Kuba,Куба,80,2.00,district town,496,GARE,fortress,Quba,https://www.geonames.org/585221/quba.html,"41.36108, 48.51341",41.36108,48.51341
615,Chita,Чита,72,1.00,provincial town,3244,GARE,minor town,Chita,https://www.geonames.org/2025339/chita.html,"52.03171, 113.50087",52.03171,113.50087
616,Nerchinsk,Нерчинск,72,2.00,district town,3271,GARE,district town,Nerchinsk,https://www.geonames.org/2019326/nerchinsk.html,"51.98333, 116.58333",51.98333,116.58333
617,Verkhneudinsk,Верхнеудинск,72,3.00,district town,3323,GARE,district town,Ulan-Ude,https://www.geonames.org/2014407/ulan-ude.html,"51.82721, 107.60627",51.82721,107.60627